,Total Stock Market ETF Price,Total Stock Market ETF Volatility,CCI,Real_Estate,Personal_Current_Taxes,Unemployment_Rate,Uncertainty,Interest_Rate,USD_Index,10-Yr Yield,PCE_Watches,Real_Estate_Volatility,M1,CCO,Watch Price Index,CPI,Sentiment_score,Google_trends
2017-01-01,117.23,13.67,101.3821,184.659,1999.1,4.7,235.1,0.65,118.57985,2.35,12.58,4.66722,3389.3,3645.97,28649.562857142857,1.024563639,0.1429918525,60.0
2017-01-08,117.22,12.34,101.37958,184.7324,2000.64,4.68,272.01,0.652,118.35185999999999,2.36,12.554,4.595912,3391.52,3643.004,28689.89142857143,1.0252083184,0.143524939333333,57.6
2017-01-15,116.91,9.61,101.37706,184.8058,2002.18,4.66,188.29,0.654,117.76986666666666,2.47,12.528,4.524604,3393.74,3640.038,28672.951428571432,1.0258529978,0.144058026166667,56.4
2017-01-22,118.16,9.56,101.37454,184.8792,2003.72,4.64,185.71,0.656,117.1179,2.49,12.502,4.453296,3395.96,3637.072,28647.905714285716,1.0264976772,0.144591113,55.2
2017-02-01,118.42,9.19,101.3695,185.026,2006.8,4.6,158.28,0.66,116.07628,2.46,12.45,4.31068,3400.4,3631.14,28642.97714285714,1.027787036,0.146845146333333,54.0
2017-02-08,119.54,8.59,101.35694,185.6296,2006.6,4.52,118.99,0.712,116.26592000000001,2.41,12.474,3.954624,3421.4,3630.864,28672.137142857144,1.0281211892,0.147972163,54.4
2017-02-15,121.31,5.98,101.35066,185.9314,2006.5,4.48,130.16,0.738,116.30435,2.45,12.486,3.776596,3431.9,3630.726,28714.68857142857,1.0282882657999999,0.153391664555556,54.6
2017-02-22,121.98,5.76,101.34438,186.2332,2006.4,4.44,226.71,0.764,115.87159999999999,2.32,12.498,3.598568,3442.4,3630.588,28734.885714285716,1.0284553424,0.158811166111111,54.8
2017-03-01,122.75,5.49,101.3381,186.535,2006.3,4.4,111.9,0.79,116.55644,2.48,12.51,3.42054,3452.9,3630.45,28728.562857142857,1.028622419,0.164230667666667,55.0
2017-03-08,122.04,5.01,101.32178,187.341,2006.54,4.4,124.51,0.834,116.68969999999999,2.58,12.53,3.661532,3452.82,3636.618,28771.417142857143,1.029842585,0.169650169222222,56.0
2017-03-15,122.57,4.29,101.31362,187.744,2006.66,4.4,159.48,0.856,115.38698,2.54,12.54,3.782028,3452.78,3639.702,28764.705714285716,1.030452668,0.175069670777778,56.5
2017-03-22,120.16,6.78,101.30546,188.147,2006.78,4.4,65.8,0.878,114.57494,2.41,12.55,3.902524,3452.74,3642.786,28747.785714285717,1.031062751,0.180489172333333,57.0
2017-04-01,120.88,6.76,101.2973,188.55,2006.9,4.4,208.81,0.9,114.97919999999999,2.38,12.56,4.02302,3452.7,3645.87,28744.737142857142,1.031672834,0.191328175444444,58.0
2017-04-08,119.55,7.35,101.272933333333,189.216,2007.73333333333,4.4,81.5,0.903333333333333,114.81474,2.24,12.55,3.77806666666667,3474.33333333333,3652.98666666667,28724.828571428574,1.031966765,0.196747677,56.0
2017-04-15,120.83,7.43,101.26075,189.549,2008.15,4.4,74.38,0.905,114.56253999999998,2.25,12.545,3.65559,3485.15,3656.545,28713.388571428575,1.0321137305,0.184818809666667,55.0
2017-04-22,122.61,7.43,101.248566666667,189.882,2008.56666666667,4.4,106.1,0.906666666666667,114.72265999999999,2.29,12.54,3.53311333333333,3495.96666666667,3660.10333333333,28732.02857142857,1.032260696,0.178854376,54.0
2017-05-01,123.33,7.44,101.2242,190.548,2009.4,4.4,97.49,0.91,114.72454,2.35,12.53,3.28816,3517.6,3667.22,28776.665714285715,1.032554627,0.134120297333333,53.0
2017-05-08,122.77,7.41,101.18068,191.2392,2013.6,4.36,113.15,0.962,115.0837,2.33,12.598,3.162552,3521.08,3673.428,28802.88857142857,1.0329292838000002,0.111753258,54.6
2017-05-15,122.37,7.33,101.15892,191.5848,2015.7,4.34,169.44,0.988,114.01408,2.23,12.632,3.099748,3522.82,3676.532,28808.511428571426,1.0331166122,0.115250295818182,55.4
2017-05-22,124.09,7.88,101.13716,191.9304,2017.8,4.32,83.62,1.014,113.55406,2.26,12.666,3.036944,3524.56,3679.636,28818.82,1.0333039406,0.118747333636364,56.2
2017-06-01,125.41,6.22,101.1154,192.276,2019.9,4.3,100.04,1.04,113.00098,2.16,12.7,2.97414,3526.3,3682.74,28823.68857142857,1.033491269,0.122244371454545,57.0
2017-06-08,125.19,6.2,101.09852,192.7744,2025.94,4.3,33.16,1.084,112.69612,2.19,12.764,2.976792,3535.22,3688.632,28859.574285714283,1.0332060574000002,0.125741409272727,56.8
2017-06-15,125.25,6.03,101.09008,193.0236,2028.96,4.3,67.05,1.106,112.96992,2.16,12.796,2.978118,3539.68,3691.578,28886.571428571428,1.0330634516000001,0.129238447090909,56.6
2017-06-22,125.05,5.12,101.08164,193.2728,2031.98,4.3,93.79,1.128,112.68487999999999,2.15,12.828,2.979444,3544.14,3694.524,28936.85714285714,1.0329208457999999,0.132735484909091,56.4
2017-07-01,124.52,4.43,101.0732,193.522,2035.0,4.3,129.61,1.15,112.45485,2.37,12.86,2.98077,3548.6,3697.47,28973.33428571429,1.0327782399999998,0.139729560545455,56.0
2017-07-08,126.23,5.1,101.106233333333,193.800333333333,2040.66666666667,4.33333333333333,107.61,1.15333333333333,111.66815999999999,2.35,12.8333333333333,3.55972,3560.76666666667,3709.12333333333,28986.01714285714,1.03380910833333,0.143226598363636,56.8
2017-07-15,126.95,4.85,101.12275,193.9395,2043.5,4.35,49.96,1.155,110.44944000000001,2.26,12.82,3.849195,3566.85,3714.95,28993.997142857144,1.0343245425,0.146723636181818,57.2
2017-07-22,126.86,4.7,101.139266666667,194.078666666667,2046.33333333333,4.36666666666667,64.94,1.15666666666667,110.20152,2.32,12.8066666666667,4.13867,3572.93333333333,3720.77666666667,28998.22,1.03483997666667,0.150220674,57.6
2017-08-01,126.91,4.01,101.1723,194.357,2052.0,4.4,70.77,1.16,110.01928000000001,2.22,12.78,4.71762,3585.1,3732.43,29037.565714285716,1.035870845,0.15027455,58.0
2017-08-08,125.04,4.93,101.22198,194.5446,2062.24,4.36,56.87,1.156,110.2194,2.2,12.852,3.899608,3578.78,3739.138,29093.33142857143,1.0380647802,0.150301488,59.6666666666667
2017-08-15,124.21,5.12,101.24682,194.6384,2067.36,4.34,86.83,1.154,110.17468,2.18,12.888,3.490602,3575.62,3742.492,29149.848571428574,1.0391617478000001,0.150328426,60.5
2017-08-22,125.36,5.56,101.27166,194.7322,2072.48,4.32,74.28,1.152,109.58586,2.2,12.924,3.081596,3572.46,3745.846,29178.762857142858,1.0402587154,0.150355364,61.3333333333333
2017-09-01,127.27,6.41,101.2965,194.826,2077.6,4.3,57.53,1.15,108.583325,2.12,12.96,2.67259,3569.3,3749.2,29264.588571428572,1.041355683,0.150382302,63.0
2017-09-08,126.49,6.49,101.35802,194.9324,2088.28,4.26,68.98,1.15,108.31436,2.04,12.96,2.354982,3583.34,3758.048,29283.14571428571,1.0410924110000002,0.15040924,65.0
2017-09-15,128.6,7.23,101.38878,194.9856,2093.62,4.24,72.36,1.15,108.58774000000001,2.19,12.96,2.196178,3590.36,3762.472,29300.448571428577,1.040960775,0.151558306,66.0
2017-09-22,128.37,6.83,101.41954,195.0388,2098.96,4.22,63.09,1.15,109.63699999999999,2.28,12.96,2.037374,3597.38,3766.896,29317.18285714286,1.040829139,0.152707372,67.0
2017-10-01,131.19,7.3,101.4503,195.092,2104.3,4.2,67.15,1.15,110.46286,2.35,12.96,1.87857,3604.4,3771.32,29304.56,1.0406975029999999,0.155005504,68.0
2017-10-08,131.36,7.28,101.44618,195.165,2108.88,4.2,89.65,1.152,110.29935,2.32,13.008,2.21571,3608.76,3777.118,29302.457142857143,1.0407025658,0.15615457,68.8
2017-10-15,132.42,5.83,101.44206,195.238,2113.46,4.2,65.84,1.154,110.73696,2.32,13.056,2.55285,3613.12,3782.916,29324.18571428572,1.0407076286,0.186661025333333,69.2
2017-10-22,132.64,5.15,101.43794,195.311,2118.04,4.2,108.51,1.156,111.56194,2.46,13.104,2.88999,3617.48,3788.714,29317.748571428572,1.0407126914,0.201914253,69.6
2017-11-01,132.82,5.22,101.4297,195.457,2127.2,4.2,66.7,1.16,111.79087999999999,2.34,13.2,3.56427,3626.2,3800.31,29348.33142857143,1.040722817,0.187779335,70.0
2017-11-08,132.54,4.94,101.39578,195.615,2132.0,4.16,67.48,1.216,111.639325,2.34,13.132,4.156806,3623.24,3812.486,29376.63142857143,1.040478109,0.180711876,70.6666666666667
2017-11-15,132.64,4.39,101.37882,195.694,2134.4,4.14,58.1,1.244,111.19874,2.38,13.098,4.453074,3621.76,3818.574,29460.745714285717,1.040355755,0.183199399909091,71.0
2017-11-22,134.11,3.73,101.36186,195.773,2136.8,4.12,52.93,1.272,110.25335,2.32,13.064,4.749342,3620.28,3824.662,29484.514285714286,1.040233401,0.185686923818182,71.3333333333333
2017-12-01,136.07,4.03,101.3449,195.852,2139.2,4.1,86.95,1.3,110.58608,2.41,13.03,5.04561,3618.8,3830.75,29540.28,1.0401110470000001,0.188174447727273,72.0
2017-12-08,136.48,4.0,101.354933333333,195.941333333333,2118.8,4.06666666666667,63.52,1.33666666666667,111.24192000000001,2.37,13.0566666666667,4.8452,3629.43333333333,3833.69333333333,29595.64285714286,1.04199980033333,0.190661971636364,67.6
2017-12-15,137.55,3.63,101.35995,195.986,2108.6,4.05,104.84,1.355,110.97842,2.35,13.07,4.744995,3634.75,3835.165,29609.33142857143,1.0429441769999999,0.193149495545455,65.4
2017-12-22,137.52,3.72,101.364966666667,196.030666666667,2098.4,4.03333333333333,72.69,1.37333333333333,110.8647,2.49,13.0833333333333,4.64479,3640.06666666667,3836.63666666667,29601.848571428574,1.04388855366667,0.195637019454545,63.2
2018-01-01,140.37,5.57,101.375,196.12,2078.0,4.0,178.3,1.41,109.540125,2.45,13.11,4.44438,3650.7,3839.58,29622.165714285715,1.045777307,0.200612067272727,61.0
2018-01-08,142.75,5.94,101.44052,196.4356,2076.24,4.04,77.28,1.414,109.50086000000002,2.54,13.19,5.80806,3636.02,3833.632,29667.11142857143,1.0476742174,0.203099591181818,59.8
2018-01-15,143.92,5.5,101.47328,196.5934,2075.36,4.06,272.42,1.416,108.1247,2.63,13.23,6.4899,3628.68,3830.658,29678.725714285712,1.0486226725999999,0.205587115090909,59.2
2018-01-22,146.86,5.73,101.50604,196.7512,2074.48,4.08,110.72,1.418,107.27954,2.62,13.27,7.17174,3621.34,3827.684,29737.97142857143,1.0495711278,0.208074639,58.6
2018-02-01,141.3,11.99,101.5388,196.909,2073.6,4.1,49.78,1.42,107.23756,2.85,13.31,7.85358,3614.0,3824.71,29801.66,1.050519583,0.1847386655,58.0
2018-02-08,134.23,16.82,101.57952,197.5766,2070.88,4.06,89.29,1.456,107.96732,2.83,13.294,6.242472,3635.2,3822.79,29879.03428571429,1.0514697257999999,0.17307067875,57.5
2018-02-15,140.11,19.38,101.59988,197.9104,2069.52,4.04,88.63,1.474,107.382175,2.88,13.286,5.436918,3645.8,3821.83,29925.21428571429,1.0519447972,0.16540818,57.0
2018-02-22,140.86,19.35,101.62024,198.2442,2068.16,4.02,50.25,1.492,107.9722,2.87,13.278,4.631364,3656.4,3820.87,30052.094285714287,1.0524198686,0.169413668,56.5
2018-03-01,138.24,19.89,101.6406,198.578,2066.8,4.0,69.3,1.51,108.19985,2.85,13.27,3.82581,3667.0,3819.91,30125.42285714286,1.05289494,0.173419156,56.0
2018-03-08,143.3,21.29,101.62012,199.3952,2062.88,4.0,57.0,1.582,107.95042000000001,2.89,13.33,3.751634,3664.2,3823.59,30165.585714285713,1.0545690816,0.177424644,56.2
2018-03-15,141.66,21.05,101.60988,199.8038,2060.92,4.0,43.98,1.618,108.36495,2.84,13.36,3.714546,3662.8,3825.43,30201.925714285713,1.0554061524,0.1821621414,56.4
2018-03-22,133.1,24.6,101.59964,200.2124,2058.96,4.0,57.36,1.654,107.57015999999999,2.83,13.39,3.677458,3661.4,3827.27,30266.754285714283,1.0562432232,0.1868996388,56.6
2018-04-01,133.87,24.31,101.5894,200.621,2057.0,4.0,111.65,1.69,107.68679999999999,2.78,13.42,3.64037,3660.0,3829.11,30345.12285714286,1.057080294,0.1963746336,57.0
2018-04-08,136.58,23.94,101.57212,200.9888,2056.42,3.96,151.12,1.692,107.31199999999998,2.82,13.446,3.677722,3658.88,3834.374,30446.408571428572,1.0579595558,0.201112131,56.2
2018-04-15,137.5,21.01,101.55484,201.3566,2055.84,3.92,84.7,1.694,107.38304000000001,2.95,13.472,3.715074,3657.76,3839.638,30551.320000000003,1.0588388175999999,0.194559462333333,55.8
2018-04-22,137.33,18.62,101.53756,201.7244,2055.26,3.88,70.06,1.696,109.12416,2.96,13.498,3.752426,3656.64,3844.902,30855.034285714286,1.0597180794,0.191283128,55.4
2018-05-01,137.13,18.54,101.503,202.46,2054.1,3.8,101.87,1.7,110.18444,2.94,13.55,3.82713,3654.4,3855.43,31017.28,1.061476603,0.1737471805,55.0
2018-05-08,140.57,18.96,101.47968,203.0972,2057.26,3.88,100.02,1.748,110.61100000000002,2.97,13.51,3.383866,3654.44,3856.522,31113.19142857143,1.0621533478,0.16497920675,56.3333333333333
2018-05-15,140.2,17.08,101.46802,203.4158,2058.84,3.92,42.73,1.772,111.4519,3.06,13.49,3.162234,3654.46,3857.068,31141.882857142857,1.0624917202,0.156211233,57.0
2018-05-22,140.6,16.95,101.45636,203.7344,2060.42,3.96,92.17,1.796,111.492225,2.93,13.47,2.940602,3654.48,3857.614,31192.042857142857,1.0628300926,0.157524597,57.6666666666667
2018-06-01,141.5,8.27,101.4447,204.053,2062.0,4.0,109.62,1.82,111.95045999999999,2.89,13.45,2.71897,3654.5,3858.16,31253.69142857143,1.063168465,0.158837961,59.0
2018-06-08,143.91,8.06,101.43202,204.4166,2068.92,3.92,112.51,1.856,112.31214,2.94,13.45,2.618714,3664.62,3866.448,31288.58857142857,1.0631971550000001,0.160151325,60.2
2018-06-15,144.15,6.69,101.42568,204.5984,2072.38,3.88,68.71,1.874,113.5137,2.92,13.45,2.568586,3669.68,3870.592,31373.260000000002,1.0632115,0.161464689,60.8
2018-06-22,142.45,7.1,101.41934,204.7802,2075.84,3.84,80.35,1.892,113.52882,2.9,13.45,2.518458,3674.74,3874.736,31447.317142857144,1.063225845,0.162778053,61.4
2018-07-01,142.79,8.62,101.413,204.962,2079.3,3.8,136.2,1.91,113.28014999999999,2.82,13.45,2.46833,3679.8,3878.88,31667.874285714286,1.0632401900000001,0.165404781,62.0
2018-07-08,144.7,8.74,101.41528,205.0376,2081.44,3.8,164.84,1.91,112.78928,2.83,13.438,2.650656,3681.92,3887.182,31706.631428571432,1.0633583248,0.166718145,61.2
2018-07-15,144.84,7.4,101.41756,205.1132,2083.58,3.8,146.72,1.91,113.32287999999998,2.88,13.426,2.832982,3684.04,3895.484,31760.094285714287,1.0634764596,0.168031509,60.8
2018-07-22,145.22,7.28,101.41984,205.1888,2085.72,3.8,156.61,1.91,113.05958000000001,2.96,13.414,3.015308,3686.16,3903.786,31776.745714285717,1.0635945944,0.169344873,60.4
2018-08-01,146.27,7.32,101.4244,205.34,2090.0,3.8,57.71,1.91,113.05789999999999,2.95,13.39,3.37996,3690.4,3920.39,31840.14,1.063830864,0.161380327,60.0
2018-08-08,146.25,7.35,101.45792,205.3584,2089.56,3.76,56.98,1.926,114.06862000000001,2.86,13.278,4.123452,3694.28,3926.062,31952.47142857143,1.0643253436,0.159530211857143,61.0
2018-08-15,147.17,6.65,101.47468,205.3676,2089.34,3.74,20.08,1.934,114.51012,2.87,13.222,4.495198,3696.22,3928.898,32093.317142857144,1.0645725834,0.158605154285714,61.5
2018-08-22,148.68,6.87,101.49144,205.3768,2089.12,3.72,38.52,1.942,113.59722,2.82,13.166,4.866944,3698.16,3931.734,32229.600000000006,1.0648198232,0.157680096714286,62.0
2018-09-01,148.58,5.23,101.5082,205.386,2088.9,3.7,46.12,1.95,114.7119,2.94,13.11,5.23869,3700.1,3934.57,32347.26285714286,1.065067063,0.155829981571429,63.0
2018-09-08,150.28,4.75,101.502233333333,205.384333333333,2086.06666666667,3.73333333333333,89.41,2.03,114.32231999999999,2.99,13.2166666666667,5.39427333333333,3708.36666666667,3940.26333333333,32507.8,1.06569430333333,0.154904924,63.0
2018-09-15,151.16,4.34,101.49925,205.3835,2084.65,3.75,62.01,2.07,113.67349999999999,3.07,13.27,5.472065,3712.5,3943.11,32549.637142857144,1.0660079235,0.1599495044,63.0
2018-09-22,149.65,5.33,101.496266666667,205.382666666667,2083.23333333333,3.76666666666667,74.22,2.11,113.74539999999999,3.05,13.3233333333333,5.54985666666667,3716.63333333333,3945.95666666667,32605.26,1.06632154366667,0.1624717946,63.0
2018-10-01,147.63,6.46,101.4903,205.381,2080.4,3.8,166.69,2.19,114.22729999999999,3.23,13.43,5.70544,3724.9,3951.65,32629.300000000003,1.066948784,0.1649940848,63.0
2018-10-08,141.37,11.49,101.44638,205.2758,2079.92,3.8,112.49,2.194,114.5128,3.14,13.382,5.369972,3715.3,3961.946,32635.491428571433,1.0655193508,0.167516375,65.0
2018-10-15,141.35,11.49,101.42442,205.2232,2079.68,3.8,85.8,2.196,114.3604,3.2,13.358,5.202238,3710.5,3967.094,32633.620000000003,1.0648046342000002,0.196369491,66.0
2018-10-22,135.77,13.66,101.40246,205.1706,2079.44,3.8,89.49,2.198,115.33735999999999,3.07,13.334,5.034504,3705.7,3972.242,32598.594285714287,1.0640899176,0.210796049,67.0
2018-11-01,139.56,15.28,101.3805,205.118,2079.2,3.8,84.17,2.2,115.60726,3.21,13.31,4.86677,3700.9,3977.39,32649.877142857145,1.0633752010000002,0.160885832333333,68.0
2018-11-08,142.17,15.89,101.31202,204.9544,2083.4,3.84,51.63,2.228,116.325225,3.19,13.174,6.965018,3729.74,3989.25,32686.31428571429,1.0620166486,0.135930724,68.2
2018-11-15,140.08,16.0,101.27778,204.8726,2085.5,3.86,55.04,2.242,116.12786000000001,3.07,13.106,8.014142,3744.16,3995.18,32775.114285714284,1.0613373724,0.143157207916667,68.4
2018-11-22,135.13,16.61,101.24354,204.7908,2087.6,3.88,21.81,2.256,116.70920000000001,3.04,13.038,9.063266,3758.58,4001.11,32837.46285714286,1.0606580962,0.150383691833333,68.6
2018-12-01,134.9,22.14,101.2093,204.709,2089.7,3.9,142.31,2.27,116.10065,2.85,12.97,10.11239,3773.0,4007.04,32854.27428571429,1.05997882,0.164836659666667,69.0
2018-12-08,133.12,22.14,101.140966666667,204.544333333333,2105.03333333333,3.93333333333333,123.21,2.31333333333333,116.57074,2.89,12.9966666666667,9.60069666666667,3763.66666666667,4010.19333333333,32900.142857142855,1.06065247066667,0.172063143583333,67.4
2018-12-15,123.49,25.42,101.1068,204.462,2112.7,3.95,90.26,2.335,116.23796,2.79,13.01,9.34485,3759.0,4011.77,32919.44285714286,1.060989296,0.1792896275,66.6
2018-12-22,126.43,26.56,101.072633333333,204.379666666667,2120.36666666667,3.96666666666667,10.92,2.35666666666667,116.015575,2.74,13.0233333333333,9.08900333333333,3754.33333333333,4013.34666666667,32941.711428571434,1.06132612133333,0.186516111416667,65.8
2019-01-01,128.9,26.29,101.0043,204.215,2135.7,4.0,204.03,2.4,115.196575,2.66,13.05,8.57731,3745.0,4016.5,32970.73714285714,1.061999772,0.193742595333333,65.0
2019-01-08,132.84,26.47,101.02606,204.3062,2144.14,3.92,259.25,2.4,114.2418,2.7,13.174,6.701398,3747.84,4010.068,33016.92,1.063795424,0.20096907925,62.6666666666667
2019-01-15,136.65,26.99,101.03694,204.3518,2148.36,3.88,104.39,2.4,114.362525,2.78,13.236,5.763442,3749.26,4006.852,33070.165714285715,1.06469325,0.208195563166667,61.5
2019-01-22,136.47,26.87,101.04782,204.3974,2152.58,3.84,107.95,2.4,114.40457999999998,2.75,13.298,4.825486,3750.68,4003.636,33106.30285714286,1.065591076,0.215422047083333,60.3333333333333
2019-02-01,138.73,25.86,101.0587,204.443,2156.8,3.8,95.81,2.4,114.06856,2.69,13.36,3.88753,3752.1,4000.42,33174.35428571429,1.066488902,0.201222706333333,58.0
2019-02-08,138.97,23.78,101.14622,204.9818,2169.32,3.8,76.81,2.404,114.86186000000001,2.63,13.356,4.453806,3746.02,3998.048,33224.25428571428,1.0688954804,0.179796881666667,57.6
2019-02-15,142.74,21.78,101.18998,205.2512,2175.58,3.8,55.54,2.406,114.69166666666666,2.67,13.354,4.736944,3742.98,3996.862,33241.49428571429,1.0700987696,0.163079705,57.4
2019-02-22,143.77,21.3,101.23374,205.5206,2181.84,3.8,115.34,2.408,114.14538,2.65,13.352,5.020082,3739.94,3995.676,33296.03428571429,1.0713020588,0.167788353,57.2
2019-03-01,144.42,8.05,101.2775,205.79,2188.1,3.8,110.76,2.41,114.90096000000001,2.75,13.35,5.30322,3736.9,3994.49,33434.177142857145,1.072505348,0.172497001,57.0
2019-03-08,140.99,11.48,101.331,206.427333333333,2197.23333333333,3.73333333333333,81.81,2.41333333333333,115.02680000000001,2.63,13.43,4.77890333333333,3752.56666666667,4000.92,33507.294285714284,1.07439832033333,0.177205649,57.8
2019-03-15,145.01,11.96,101.35775,206.746,2201.8,3.7,66.48,2.415,114.3167,2.59,13.47,4.516745,3760.4,4004.135,33538.64,1.0753448065,0.181914297,58.2
2019-03-22,143.56,11.91,101.3845,207.064666666667,2206.36666666667,3.66666666666667,83.99,2.41666666666667,114.82778,2.45,13.51,4.25458666666667,3768.23333333333,4007.35,33585.014285714286,1.07629129266667,0.19451255875,58.6
2019-04-01,147.78,11.17,101.438,207.702,2215.5,3.6,117.34,2.42,114.94584,2.5,13.59,3.73027,3783.9,4013.78,33801.20285714286,1.078184265,0.21970908225,59.0
2019-04-08,148.68,10.99,101.47328,208.3672,2219.5,3.64,58.07,2.408,114.52847999999999,2.56,13.59,3.447554,3785.62,4023.84,33931.74857142857,1.0791023426,0.232307344,60.6
2019-04-15,148.27,11.14,101.49092,208.6998,2221.5,3.66,76.25,2.402,114.62010000000001,2.56,13.59,3.306196,3786.48,4028.87,34046.95714285714,1.0795613814,0.201600853333333,61.4
2019-04-22,150.16,10.18,101.50856,209.0324,2223.5,3.68,78.68,2.396,115.32064,2.5,13.59,3.164838,3787.34,4033.9,34172.79714285714,1.0800204202,0.186247608,62.2
2019-05-01,150.63,10.18,101.5262,209.365,2225.5,3.7,112.75,2.39,115.36658,2.53,13.59,3.02348,3788.2,4038.93,34362.28857142857,1.080479459,0.170894362666667,63.0
2019-05-08,147.53,11.57,101.48852,209.8602,2224.78,3.66,101.81,2.386,115.75273999999999,2.45,13.57,3.53016,3804.28,4044.17,34476.60285714286,1.080565529,0.155541117333333,62.6666666666667
2019-05-15,146.24,10.16,101.46968,210.1078,2224.42,3.64,132.3,2.384,116.19069999999999,2.39,13.56,3.7835,3812.32,4046.79,34572.862857142856,1.080608564,0.140187872,62.5
2019-05-22,144.58,8.71,101.45084,210.3554,2224.06,3.62,69.8,2.382,116.22274999999999,2.32,13.55,4.03684,3820.36,4049.41,34641.637142857144,1.080651599,0.1423323959,62.3333333333333
2019-06-01,146.79,14.09,101.432,210.603,2223.7,3.6,97.55,2.38,116.06692000000001,2.08,13.54,4.29018,3828.4,4052.03,34945.20285714286,1.080694634,0.1466214437,62.0
2019-06-08,147.63,13.36,101.354433333333,210.854,2216.1,3.63333333333333,139.29,2.38666666666667,115.5743,2.09,13.7066666666667,4.67597333333333,3839.03333333333,4059.17,35034.72285714286,1.08129655966667,0.1487659676,62.0
2019-06-15,150.7,14.06,101.31565,210.9795,2212.3,3.65,175.49,2.39,115.4595,2.06,13.79,4.86887,3844.35,4062.74,35210.40285714286,1.0815975225,0.1509104915,62.0
2019-06-22,150.09,14.08,101.276866666667,211.105,2208.5,3.66666666666667,127.09,2.39333333333333,114.62458,2.0,13.8733333333333,5.06176666666667,3849.66666666667,4066.31,35285.38285714285,1.08189848533333,0.1530550154,62.0
2019-07-01,152.55,14.25,101.1993,211.356,2200.9,3.7,174.62,2.4,114.873575,2.04,14.04,5.44756,3860.3,4073.45,35476.97714285714,1.082500411,0.1551995393,62.0
2019-07-08,153.61,14.3,101.08046,211.4996,2198.58,3.7,72.06,2.292,114.96866,2.11,14.048,5.6103,3858.3,4087.998,35589.92,1.0824784718,0.1573440632,61.6
2019-07-15,151.8,13.68,101.02104,211.5714,2197.42,3.7,72.19,2.238,114.86823999999999,2.05,14.052,5.69167,3857.3,4095.272,35700.58571428571,1.0824675021999999,0.1594885871,61.4
2019-07-22,154.41,13.67,100.96162,211.6432,2196.26,3.7,75.32,2.184,115.28168000000001,2.08,14.056,5.77304,3856.3,4102.546,35913.27714285714,1.0824565326,0.161633111,61.2
2019-08-01,149.58,15.56,100.9022,211.715,2195.1,3.7,150.2,2.13,116.46692,1.86,14.06,5.85441,3855.3,4109.82,36075.82571428572,1.082445563,0.146159509,61.0
2019-08-08,148.92,13.92,100.90216,211.7858,2193.66,3.62,93.48,2.094,116.70252,1.73,14.076,5.210146,3872.98,4115.544,36460.345714285715,1.082784779,0.146114759571429,62.2
2019-08-15,147.34,11.07,100.90214,211.8212,2192.94,3.58,144.25,2.076,117.25234,1.54,14.084,4.888014,3881.82,4118.406,36631.82,1.082954387,0.146092384857143,63.4
2019-08-22,145.31,11.39,100.90212,211.8566,2192.22,3.54,186.06,2.058,117.595,1.52,14.092,4.565882,3890.66,4121.268,36642.37714285714,1.083123995,0.146070010142857,64.6
2019-09-01,151.68,12.53,100.9021,211.892,2191.5,3.5,242.38,2.04,117.65245,1.55,14.1,4.24375,3899.5,4124.13,36725.90857142857,1.083293603,0.146025260714286,67.0
2019-09-08,153.47,12.28,100.94282,211.9104,2194.14,3.52,128.76,1.998,117.01792,1.9,14.058,4.117814,3906.22,4127.13,36865.91714285715,1.0837889262,0.146002886,65.0
2019-09-15,152.04,12.35,100.98354,211.9288,2196.78,3.54,154.3,1.956,117.05504,1.75,14.016,3.991878,3912.94,4130.13,37113.67142857143,1.0842842494,0.1753171716,64.0
2019-09-22,150.3,12.33,101.02426,211.9472,2199.42,3.56,133.98,1.914,117.52994000000001,1.68,13.974,3.865942,3919.66,4133.13,37140.29714285715,1.0847795726,0.1899743144,63.0
2019-10-01,149.73,11.55,101.1057,211.984,2204.7,3.6,65.08,1.83,117.73913999999999,1.51,13.89,3.61407,3933.1,4139.13,37075.997142857144,1.085770219,0.2046314572,62.0
2019-10-08,150.63,9.35,101.21354,212.0388,2209.98,3.6,165.35,1.718,117.38705,1.75,13.762,3.968662,3939.66,4143.994,37089.61142857143,1.0855373242,0.2192886,66.3333333333333
2019-10-15,151.58,9.33,101.26746,212.0662,2212.62,3.6,68.05,1.662,116.38325999999999,1.75,13.698,4.145958,3942.94,4146.426,37140.68,1.0854208768,0.193454013333333,68.5
2019-10-22,153.45,9.05,101.32138,212.0936,2215.26,3.6,42.25,1.606,116.05884,1.8,13.634,4.323254,3946.22,4148.858,37068.64571428572,1.0853044294,0.18053672,70.6666666666667
2019-11-01,155.83,8.21,101.3753,212.121,2217.9,3.6,35.14,1.55,115.98917999999999,1.73,13.57,4.50055,3949.5,4151.29,37421.37714285714,1.085187982,0.141913139333333,75.0
2019-11-08,157.16,6.97,101.46674,212.173,2220.94,3.6,127.43,1.55,116.6461,1.93,13.83,5.281914,3978.18,4167.65,37291.22,1.0847930736,0.122601349,78.6
2019-11-15,158.55,6.4,101.51246,212.199,2222.46,3.6,56.77,1.55,116.58682000000002,1.84,13.96,5.672596,3992.52,4175.83,37275.08857142857,1.0845956194,0.121548138083333,80.4
2019-11-22,158.14,6.3,101.55818,212.225,2223.98,3.6,83.86,1.55,117.030125,1.77,14.09,6.063278,4006.86,4184.01,37314.80857142858,1.0843981651999999,0.120494927166667,82.2
2019-12-01,160.29,4.34,101.6039,212.251,2225.5,3.6,99.73,1.55,116.69846,1.84,14.22,6.45396,4021.2,4192.19,37356.114285714284,1.084200711,0.118388505333333,84.0
2019-12-08,161.33,3.58,101.60358,212.2834,2232.2,3.58,219.84,1.55,116.06466,1.82,14.25,5.8488,4012.68,4192.69,37558.02285714286,1.0850420010000001,0.117335294416667,78.0
2019-12-15,164.19,4.16,101.60326,212.3158,2238.9,3.56,110.44,1.55,115.63014000000001,1.91,14.28,5.24364,4004.16,4193.19,36961.374285714286,1.085883291,0.1162820835,75.0
2019-12-22,164.08,4.61,101.60294,212.3482,2245.6,3.54,190.14,1.55,115.55720000000001,1.87,14.31,4.63848,3995.64,4193.69,36945.50571428572,1.086724581,0.115228872583333,72.0
2020-01-01,163.93,4.84,101.6023,212.413,2259.0,3.5,186.06,1.55,115.01905,1.79,14.37,3.42816,3978.6,4194.69,37011.93714285715,1.088407161,0.114175661666667,69.0
2020-01-08,165.46,4.43,101.4305,212.7418,2267.32,3.5,91.15,1.562,115.10101999999999,1.82,14.246,3.932016,3979.72,4188.806,37144.10857142857,1.0896003242,0.11312245075,65.3333333333333
2020-01-15,168.76,5.34,101.3446,212.9062,2271.48,3.5,98.77,1.568,115.054125,1.83,14.184,4.183944,3980.28,4185.864,37343.31428571429,1.0901969058,0.112069239833333,63.5
2020-01-22,167.09,6.45,101.2587,213.0706,2275.64,3.5,77.19,1.574,115.57462000000001,1.68,14.122,4.435872,3980.84,4182.922,37563.38285714285,1.0907934874,0.111016028916667,61.6666666666667
2020-02-01,168.71,10.43,101.1728,213.235,2279.8,3.5,147.37,1.58,116.14638,1.58,14.06,4.6878,3981.4,4179.98,37444.38285714286,1.091390069,0.141368538666667,58.0
2020-02-08,171.7,10.71,100.77224,214.0262,2251.28,3.86,87.8,1.208,116.40925999999999,1.59,12.708,8.968952,4093.24,4167.12,37471.54,1.0904399262,0.157071399,54.8
2020-02-15,169.89,11.36,100.57196,214.4218,2237.02,4.04,82.1,1.022,116.9231,1.47,12.032,11.109528,4149.16,4160.69,37690.48285714286,1.0899648548,0.0823361043333333,53.2
2020-02-22,150.44,29.25,100.37168,214.8174,2222.76,4.22,177.27,0.836,117.41834000000001,1.14,11.356,13.250104,4205.08,4154.26,38115.131428571425,1.0894897834,0.044968457,51.6
2020-03-01,150.59,29.28,100.1714,215.213,2208.5,4.4,175.73,0.65,116.71994,0.71,10.68,15.39068,4261.0,4147.83,38156.89428571428,1.089014712,0.06576944575,50.0
2020-03-08,135.93,35.48,99.953582,215.6224,2175.32,6.46,250.63,0.53,118.85565999999999,0.95,9.948,14.632696,4367.7,4135.564,38274.79714285714,1.0875582764,0.076169940125,50.0
2020-03-15,115.19,46.69,99.735764,216.0318,2142.14,8.52,468.43,0.41,123.51558,0.96,9.216,13.874712,4474.4,4123.298,38257.52,1.0861018408,0.0865704345,50.0
2020-03-22,126.93,53.94,99.517946,216.4412,2108.96,10.58,651.07,0.29,124.25164,0.73,8.484,13.116728,4581.1,4111.032,38196.37714285714,1.0846454052,0.096970928875,50.0
2020-04-01,123.38,53.76,99.08231,217.26,2042.6,14.7,474.81,0.05,123.81390000000002,0.59,7.02,11.60076,4794.5,4086.5,38250.98571428572,1.081732534,0.10737142325,50.0
2020-04-08,139.36,63.11,98.881626,217.7596,2064.52,14.1,524.13,0.05,122.50057999999999,0.73,8.304,10.973452,9374.38,4084.092,38265.57428571429,1.081740972,0.117771917625,51.3333333333333
2020-04-15,143.14,62.94,98.781284,218.0094,2075.48,13.8,455.68,0.05,123.28706,0.66,8.946,10.659798,11664.32,4082.888,38344.762857142865,1.081745191,0.128172412,52.0
2020-04-22,141.63,62.44,98.680942,218.2592,2086.44,13.5,511.42,0.05,123.8229,0.6,9.588,10.346144,13954.26,4081.684,38495.56285714286,1.08174941,0.13322086825,52.6666666666667
2020-05-01,141.81,62.58,98.5806,218.509,2097.4,13.2,516.72,0.05,123.18325999999999,0.64,10.23,10.03249,16244.2,4080.48,38586.93714285715,1.081753629,0.1326764685,54.0
2020-05-08,147.47,58.26,98.56395,218.951,2116.43333333333,12.4666666666667,488.53,0.06,123.20674,0.68,11.5666666666667,9.41893333333333,16349.3666666667,4086.06333333333,38598.29714285714,1.08372676466667,0.13213206875,57.6
2020-05-15,143.83,58.46,98.555625,219.172,2125.95,12.1,374.22,0.065,122.63432,0.64,12.235,9.112155,16401.95,4088.855,38566.02285714285,1.0847133325,0.131587669,59.4
2020-05-22,149.26,53.94,98.5473,219.393,2135.46666666667,11.7333333333333,418.96,0.07,121.57585,0.66,12.9033333333333,8.80537666666667,16454.5333333333,4091.64666666667,38639.97714285715,1.08569990033333,0.126258417818182,61.2
2020-06-01,161.9,30.28,98.53065,219.835,2154.5,11.0,226.8,0.08,119.46968,0.91,14.24,8.19182,16559.7,4097.23,38536.205714285716,1.087673036,0.115599915454545,63.0
2020-06-08,153.97,32.54,98.53759,220.537,2171.9,10.68,318.64,0.084,118.93896,0.7,14.684,7.27946,16642.7,4102.446,38556.33142857143,1.0898737219999999,0.110270664272727,62.2
2020-06-15,157.08,22.12,98.54106,220.888,2180.6,10.52,300.34,0.086,119.97726,0.68,14.906,6.82328,16684.2,4105.054,38596.922857142854,1.0909740650000002,0.104941413090909,61.8
2020-06-22,152.02,23.73,98.54453,221.239,2189.3,10.36,259.55,0.088,119.98222000000001,0.64,15.128,6.3671,16725.7,4107.662,38690.61714285715,1.092074408,0.0996121619090909,61.4
2020-07-01,158.07,24.35,98.548,221.59,2198.0,10.2,329.62,0.09,119.7034,0.67,15.35,5.91092,16767.2,4110.27,38944.07428571429,1.093174751,0.0942829107272727,61.0
2020-07-08,160.95,24.27,98.628992,222.582,2215.2,9.48,319.33,0.094,119.4039,0.63,15.522,6.872376,16811.72,4116.37,39103.694285714286,1.094553555,0.0889536595454545,62.3333333333333
2020-07-15,163.19,23.44,98.669488,223.078,2223.8,9.12,352.74,0.096,118.91256000000001,0.62,15.608,7.353104,16833.98,4119.42,39181.33142857143,1.095242957,0.0836244083636364,63.0
2020-07-22,162.69,22.18,98.709984,223.574,2232.4,8.76,297.02,0.098,117.81314,0.59,15.694,7.833832,16856.24,4122.47,39208.64571428572,1.0959323589999999,0.0782951571818182,63.6666666666667
2020-08-01,169.8,21.27,98.75048,224.07,2241.0,8.4,304.7,0.1,117.43292000000001,0.56,15.78,8.31456,16878.5,4125.52,39291.64571428571,1.096621761,0.0724887808333333,65.0
2020-08-08,170.98,18.73,98.8549633333333,224.988333333333,2251.86666666667,8.23333333333333,353.43,0.0966666666666667,117.26196,0.7,15.9333333333333,6.97941333333333,16971.8666666667,4131.23,39224.205714285716,1.09713086666667,0.07715845675,64.2
2020-08-15,172.22,13.13,98.907205,225.4475,2257.3,8.15,324.57,0.095,116.75609999999999,0.63,16.01,6.31184,17018.55,4134.085,39445.93142857143,1.0973854195,0.0818281326666667,63.8
2020-08-22,177.68,13.73,98.9594466666667,225.906666666667,2262.73333333333,8.06666666666667,217.76,0.0933333333333333,116.59636,0.73,16.0866666666667,5.64426666666667,17065.2333333333,4136.94,39537.711428571434,1.09763997233333,0.0864978085833333,63.4
2020-09-01,173.45,12.31,99.06393,226.825,2273.6,7.9,204.69,0.09,115.93327500000001,0.72,16.24,4.30912,17158.6,4142.65,39833.40571428571,1.098149078,0.0911674845,63.0
2020-09-08,169.12,13.13,99.123622,228.0314,2292.4,7.5,208.78,0.09,116.0462,0.67,16.108,4.786408,17238.04,4143.366,39935.83142857143,1.0983313432,0.0958371604166667,62.2
2020-09-15,169.09,12.9,99.153468,228.6346,2301.8,7.3,245.27,0.09,115.6048,0.69,16.042,5.025052,17277.76,4143.724,39882.88,1.0984224758,0.100506836333333,61.8
2020-09-22,166.96,13.22,99.183314,229.2378,2311.2,7.1,126.1,0.09,117.37087999999999,0.66,15.976,5.263696,17317.48,4144.082,39948.14857142857,1.0985136084,0.10517651225,61.4
2020-10-01,170.39,13.69,99.21316,229.841,2320.6,6.9,259.5,0.09,116.45436,0.7,15.91,5.50234,17357.2,4144.44,41027.328571428574,1.098604741,0.109846188166667,61.0
2020-10-08,177.32,15.52,99.195864,230.845,2337.2,6.82,294.91,0.09,115.764625,0.78,15.73,5.320424,17457.96,4150.572,41855.09714285715,1.0983364058,0.114515864083333,61.8
2020-10-15,177.55,14.88,99.187216,231.347,2345.5,6.78,141.19,0.09,115.48895999999999,0.74,15.64,5.229466,17508.34,4153.638,42280.33714285714,1.0982022381999998,0.11918554,62.6
2020-10-22,176.84,14.98,99.178568,231.849,2353.8,6.74,167.77,0.09,115.24808,0.84,15.55,5.138508,17558.72,4156.704,43603.868571428575,1.0980680706,0.151165927,63.4
2020-11-01,179.26,24.67,99.16992,232.351,2362.1,6.7,271.71,0.09,115.06846,0.82,15.46,5.04755,17609.1,4159.77,45184.53428571428,1.097933903,0.099668221,65.0
2020-11-08,183.32,24.27,99.170536,232.7618,2369.56,6.7,416.76,0.09,114.1736,0.89,15.57,4.953906,17652.68,4164.786,45637.43714285714,1.0981406394,0.09660228725,66.2
2020-11-15,183.23,23.2,99.171152,233.1726,2377.02,6.7,218.9,0.09,113.63198,0.83,15.68,4.860262,17696.26,4169.802,46176.29714285714,1.0983473758,0.0935363535,66.8
2020-11-22,188.18,23.43,99.171768,233.5834,2384.48,6.7,359.33,0.09,113.45766666666667,0.84,15.79,4.766618,17739.84,4174.818,46508.902857142864,1.0985541122,0.09047041975,67.4
2020-12-01,191.51,22.77,99.173,234.405,2399.4,6.7,248.2,0.09,112.2136,0.97,16.01,4.57933,17827.0,4184.85,46567.06571428572,1.098967585,0.087404486,68.0
2020-12-08,190.18,23.12,99.17544,235.2358,2431.56,6.54,259.64,0.09,112.0393,0.89,16.458,4.394286,17935.56,4183.254,46875.42857142857,1.100837493,0.08433855225,68.0
2020-12-15,193.47,22.15,99.17666,235.6512,2447.64,6.46,139.29,0.09,111.67198,0.95,16.682,4.301764,17989.84,4182.456,47210.43714285715,1.101772447,0.0812726185,68.0
2020-12-22,192.82,22.25,99.17788,236.0666,2463.72,6.38,147.55,0.09,112.0527,0.93,16.906,4.209242,18044.12,4181.658,47542.222857142864,1.102707401,0.07820668475,68.0
2021-01-08,199.25,15.16,99.2257833333333,237.405333333333,2487.16666666667,6.26666666666667,104.8,0.0866666666666667,111.4399,1.11,17.0633333333333,4.03050333333333,18186.5333333333,4177.71666666667,48116.9,1.105656275,0.07207481725,66.4
2021-01-15,197.06,9.5,99.249125,237.867,2490.85,6.25,149.93,0.085,111.38916666666667,1.1,17.03,3.987395,18230.6,4176.145,48361.81428571429,1.106663235,0.0690088835,65.6
2021-01-22,200.89,9.3,99.2724666666667,238.328666666667,2494.53333333333,6.23333333333333,192.0,0.0833333333333333,111.83768,1.09,16.9966666666667,3.94428666666667,18274.6666666667,4174.57333333333,48627.34857142857,1.107670195,0.06594294975,64.8
2021-02-01,204.11,16.02,99.31915,239.252,2501.9,6.2,144.04,0.08,112.39384,1.17,16.93,3.85807,18362.8,4171.43,49222.682857142856,1.109684115,0.0830627065,64.0
2021-02-08,207.49,15.99,99.466158,241.2504,2519.22,6.16,232.61,0.076,111.68748000000001,1.2,18.058,4.621998,18471.4,4169.73,49536.137142857144,1.1128281934,0.09315555175,61.2
2021-02-15,205.97,16.01,99.539662,242.2496,2527.88,6.14,152.79,0.074,111.9272,1.34,18.622,5.003962,18525.7,4168.88,49894.50571428572,1.1144002326,0.103248397,59.8
2021-02-22,200.08,17.66,99.613166,243.2488,2536.54,6.12,132.3,0.072,112.07112,1.46,19.186,5.385926,18580.0,4168.03,50438.77142857143,1.1159722718,0.114183383,58.4
2021-03-01,200.75,17.59,99.68667,244.248,2545.2,6.1,257.79,0.07,112.86698000000001,1.55,19.75,5.76789,18634.3,4167.18,51022.340000000004,1.117544311,0.119650876,57.0
2021-03-08,207.4,18.64,99.784722,246.4864,2569.24,6.1,328.48,0.07,113.56020000000001,1.63,19.47,5.26707,18754.22,4174.744,51301.18285714286,1.121218309,0.125118369,57.0
2021-03-15,205.26,18.47,99.833748,247.6056,2581.26,6.1,206.85,0.07,113.02978,1.72,19.33,5.01666,18814.18,4178.526,51575.65714285715,1.123055308,0.151878446333333,57.0
2021-03-22,206.47,18.16,99.882774,248.7248,2593.28,6.1,275.36,0.07,113.54994000000002,1.67,19.19,4.76625,18874.14,4182.308,51940.51428571429,1.1248923069999999,0.165258485,57.0
2021-04-01,209.28,17.96,99.9318,249.844,2605.3,6.1,76.09,0.07,113.46054,1.72,19.05,4.51584,18934.1,4186.09,52336.69142857143,1.126729306,0.178638523666667,57.0
2021-04-08,214.14,15.63,99.908236,252.0928,2620.58,5.98,115.07,0.066,113.06848,1.66,19.314,4.734044,19067.7,4202.874,52747.58285714286,1.1303425491999999,0.192018562333333,57.6
2021-04-15,217.15,12.28,99.896454,253.2172,2628.22,5.92,111.93,0.064,112.34616000000001,1.57,19.446,4.843146,19134.5,4211.266,53181.600000000006,1.1321491708,0.1925278635,58.2
2021-04-22,217.21,12.08,99.884672,254.3416,2635.86,5.86,70.82,0.062,111.97388000000001,1.56,19.578,4.952248,19201.3,4219.658,53705.45714285715,1.1339557924,0.1679184346,58.8
2021-05-01,218.75,8.48,99.87289,255.466,2643.5,5.8,107.85,0.06,111.87524,1.56,19.71,5.06135,19268.1,4228.05,54398.908571428576,1.135762414,0.1444410518,60.0
2021-05-08,215.54,9.89,99.80269,257.374,2651.23333333333,5.83333333333333,134.18,0.0666666666666667,111.20906,1.63,19.84,5.35957,19298.4666666667,4238.40333333333,55086.78571428572,1.13927974233333,0.1327023604,60.0
2021-05-15,214.97,7.9,99.76759,258.328,2655.1,5.85,53.8,0.07,110.95653999999999,1.62,19.905,5.50868,19313.65,4243.58,55855.92857142857,1.1410384064999999,0.120963669,60.0
2021-05-22,218.09,7.43,99.73249,259.282,2658.96666666667,5.86666666666667,80.84,0.0733333333333333,110.8644,1.58,19.97,5.65779,19328.8333333333,4248.75666666667,56554.25142857143,1.14279707066667,0.1172651986,60.0
2021-06-01,219.39,7.43,99.66229,261.19,2666.7,5.9,176.43,0.08,110.71946,1.55,20.1,5.95601,19359.2,4259.11,57594.40285714286,1.146314399,0.1135667282,60.0
2021-06-08,221.02,7.23,99.474422,262.9232,2670.82,5.7,109.81,0.088,110.77688,1.46,20.004,4.835534,19429.36,4264.662,58059.64571428572,1.1485201482,0.1098682578,60.0
2021-06-15,216.75,7.71,99.380488,263.7898,2672.88,5.6,109.37,0.092,112.1964,1.45,19.956,4.275296,19464.44,4267.438,58578.45142857143,1.1496230228,0.1061697874,60.0
2021-06-22,222.55,9.12,99.286554,264.6564,2674.94,5.5,100.0,0.096,112.33176,1.54,19.908,3.715058,19499.52,4270.214,58937.35714285714,1.1507258974,0.102471317,60.0
2021-07-01,225.27,9.33,99.19262,265.523,2677.0,5.4,82.66,0.1,112.84042500000001,1.43,19.86,3.15482,19534.6,4272.99,59468.00571428572,1.151828772,0.0987728466,60.0
2021-07-08,225.88,9.28,98.964184,266.833,2680.92,5.32,67.69,0.096,112.91857999999999,1.35,19.94,3.409044,19614.44,4288.182,59983.22285714286,1.1527806024,0.0950743762,60.4
2021-07-15,222.39,10.12,98.849966,267.488,2682.88,5.28,153.82,0.094,113.35139999999998,1.3,19.98,3.536156,19654.36,4295.778,60364.19714285714,1.1532565176,0.0913759058,60.8
2021-07-22,227.46,10.19,98.735748,268.143,2684.84,5.24,91.1,0.092,113.3136,1.28,20.02,3.663268,19694.28,4303.374,60704.588571428576,1.1537324328,0.0876774354,61.2
2021-08-01,228.87,10.05,98.62153,268.798,2686.8,5.2,125.09,0.09,112.90018,1.29,20.06,3.79038,19734.2,4310.97,61013.88857142857,1.154208348,0.0931278215454546,62.0
2021-08-08,230.15,10.05,98.561568,269.3292,2692.6,5.12,241.48,0.088,113.31880000000001,1.3,20.114,4.518818,19760.54,4316.256,61270.84285714285,1.1548353072,0.0996534190909091,63.6
2021-08-15,228.11,10.44,98.501606,269.8604,2698.4,5.04,91.76,0.086,113.8243,1.26,20.168,5.247256,19786.88,4321.542,61401.21428571429,1.1554622664,0.106179016636364,64.4
2021-08-22,232.73,9.44,98.441644,270.3916,2704.2,4.96,304.68,0.084,113.68406,1.31,20.222,5.975694,19813.22,4326.828,61607.56285714286,1.1560892256,0.112704614181818,65.2
2021-09-01,234.29,8.23,98.32172,271.454,2715.8,4.8,88.74,0.08,112.8025,1.32,20.33,7.43257,19865.9,4337.4,62110.41428571429,1.157343144,0.119230211727273,66.0
2021-09-08,230.08,9.41,98.246808,272.3404,2737.0,4.68,118.66,0.08,113.0558,1.33,20.594,6.718358,19933.58,4343.52,62447.454285714295,1.1611892816,0.125755809272727,64.6666666666667
2021-09-15,229.04,9.51,98.209352,272.7836,2747.6,4.62,106.93,0.08,113.53106,1.37,20.726,6.361252,19967.42,4346.58,62771.614285714284,1.1631123504,0.132281406818182,64.0
2021-09-22,229.64,8.6,98.171896,273.2268,2758.2,4.56,98.64,0.08,113.78164,1.46,20.858,6.004146,20001.26,4349.64,63031.61714285715,1.1650354192,0.138807004363636,63.3333333333333
2021-10-01,225.12,8.53,98.13444,273.67,2768.8,4.5,88.83,0.08,114.45624000000001,1.47,20.99,5.64704,20035.1,4352.7,63511.25428571428,1.166958488,0.145332601909091,62.0
2021-10-08,226.39,8.63,98.0801366666667,274.462666666667,2782.13333333333,4.4,96.69,0.08,114.518575,1.61,20.9966666666667,4.76416666666667,20106.8666666667,4367.03,63905.14,1.16886974333333,0.151858199454545,66.4
2021-10-15,230.73,9.39,98.052985,274.859,2788.8,4.35,65.19,0.08,113.78216,1.57,21.0,4.32273,20142.75,4374.195,64298.380000000005,1.169825371,0.1586950162,68.6
2021-10-22,234.36,9.89,98.0258333333333,275.255333333333,2795.46666666667,4.3,101.73,0.08,113.61302,1.65,21.0033333333333,3.88129333333333,20178.6333333333,4381.36,64786.70857142857,1.17078099866667,0.1590062354,70.8
2021-11-01,242.36,9.94,97.97153,276.048,2808.8,4.2,136.17,0.08,114.27026000000001,1.45,21.01,2.99842,20250.4,4395.69,65540.57428571429,1.172692254,0.1596286738,73.0
2021-11-08,241.75,10.02,97.930818,277.08,2821.52,4.08,363.38,0.08,114.07275,1.58,20.65,3.23036,20348.64,4409.742,66044.19714285714,1.1741335008,0.159939893,76.6
2021-11-15,241.48,8.73,97.910462,277.596,2827.88,4.02,107.9,0.08,115.01714,1.54,20.47,3.34633,20397.76,4416.768,66648.02571428572,1.1748541242000001,0.157253017090909,78.4
2021-11-22,235.99,10.5,97.890106,278.112,2834.24,3.96,92.12,0.08,116.1227,1.48,20.29,3.4623,20446.88,4423.794,66993.84,1.1755747476,0.154566141181818,80.2
2021-12-01,231.19,11.67,97.86975,278.628,2840.6,3.9,108.42,0.08,116.04114,1.34,20.11,3.57827,20496.0,4430.82,67633.18571428572,1.176295371,0.151879265272727,82.0
2021-12-08,239.53,12.7,97.775382,279.9804,2954.64,3.94,94.23,0.08,115.78364000000002,1.49,20.306,3.65883,20500.12,4430.784,68076.10571428572,1.1802545806,0.149192389363636,81.0
2021-12-15,235.44,13.68,97.728198,280.6566,3011.66,3.96,103.8,0.08,116.01633999999999,1.4,20.404,3.69911,20502.18,4430.766,68593.56857142858,1.1822341854,0.146505513454545,80.5
2021-12-22,240.67,13.86,97.681014,281.3328,3068.68,3.98,130.79,0.08,115.5513,1.49,20.502,3.73939,20504.24,4430.748,69395.37142857144,1.1842137902,0.143818637545455,80.0
2022-01-01,236.11,14.46,97.63383,282.009,3125.7,4.0,169.59,0.08,115.2752,1.77,20.6,3.77967,20506.3,4430.73,70737.33714285714,1.1861933949999999,0.138444885727273,79.0
2022-01-08,235.02,13.35,97.5309533333333,283.756333333333,3132.8,3.93333333333333,139.45,0.08,114.61576,1.77,20.76,4.30719,20515.4,4432.58666666667,72057.94571428571,1.18980495033333,0.135758009818182,76.6
2022-01-15,220.91,18.44,97.479515,284.63,3136.35,3.9,169.9,0.08,114.62215,1.75,20.84,4.57095,20519.95,4433.515,73449.56857142858,1.191610728,0.133071133909091,75.4
2022-01-22,222.09,18.63,97.4280766666667,285.503666666667,3139.9,3.86666666666667,52.51,0.08,115.49647999999999,1.78,20.92,4.83471,20524.5,4434.44333333333,75171.07428571429,1.19341650566667,0.130384258,74.2
2022-02-01,226.07,19.05,97.3252,287.251,3147.0,3.8,143.53,0.08,115.12584,1.92,21.08,5.36223,20533.6,4436.3,77083.52857142857,1.1970280610000001,0.145379787,73.0
2022-02-08,222.94,18.81,97.229824,290.3858,3153.68,3.72,115.82,0.128,114.91322,1.95,21.24,5.254274,20586.0,4446.82,79126.06571428571,1.2034208514,0.1528775515,73.0
2022-02-15,219.37,16.39,97.182136,291.9532,3157.02,3.68,109.46,0.152,114.781075,1.93,21.32,5.200296,20612.2,4452.08,81085.33714285714,1.2066172466,0.160375316,73.0
2022-02-22,221.41,16.68,97.134448,293.5206,3160.36,3.64,180.27,0.176,115.18568,1.98,21.4,5.146318,20638.4,4457.34,83701.08,1.2098136418,0.1625137464,73.0
2022-03-01,217.96,15.32,97.08676,295.088,3163.7,3.6,188.05,0.2,116.38400000000001,1.73,21.48,5.09234,20664.6,4462.6,85759.53142857144,1.2130100369999999,0.1635829616,73.0
2022-03-08,211.99,15.4,97.02,297.7584,3169.26,3.6,165.06,0.252,117.12834000000001,2.0,21.36,4.83256,20659.48,4475.16,87864.94,1.2157187034,0.1646521768,74.6666666666667
2022-03-15,225.18,21.84,96.98662,299.0936,3172.04,3.6,154.33,0.278,116.50488,2.15,21.3,4.70267,20656.92,4481.44,88511.91714285714,1.2170730366,0.1697430748,75.5
2022-03-22,228.09,22.17,96.95324,300.4288,3174.82,3.6,137.53,0.304,116.07622,2.49,21.24,4.57278,20654.36,4487.72,89196.12857142859,1.2184273697999999,0.1737647576,76.3333333333333
2022-04-01,228.58,17.06,96.91986,301.764,3177.6,3.6,114.29,0.33,115.81592,2.38,21.18,4.44289,20651.8,4494.0,88852.25142857144,1.219781703,0.1777864404,78.0
2022-04-08,224.69,17.62,96.756568,303.6772,3182.24,3.6,124.74,0.506,116.48712,2.71,20.928,5.754826,20646.72,4510.872,88650.01714285715,1.2251602202,0.1818081232,77.6
2022-04-22,214.22,18.41,96.593276,305.5904,3186.88,3.6,148.56,0.682,119.02568000000001,2.9,20.676,7.066762,20641.64,4527.744,87261.77714285714,1.2305387374,0.2131654802,77.2
2022-05-01,205.95,19.14,96.51163,306.547,3189.2,3.6,150.39,0.77,119.77080000000001,3.13,20.55,7.72273,20639.1,4536.18,86280.6742857143,1.2332279959999999,0.1990333346,77.0
2022-05-08,200.9,19.45,96.429898,306.9022,3191.06,3.6,307.96,0.858,120.72968,2.93,20.696,7.450824,20632.92,4545.59,85316.20285714287,1.2366159386,0.1919672618,76.6
2022-05-15,195.32,19.47,96.348166,307.2574,3192.92,3.6,184.23,0.946,119.84652000000001,2.79,20.842,7.178918,20626.74,4555.0,84683.05714285714,1.2400038812,0.184901189,76.4
2022-05-22,208.07,20.0,96.266434,307.6126,3194.78,3.6,247.4,1.034,118.63463999999999,2.74,20.988,6.907012,20620.56,4564.41,83633.95714285715,1.2433918238,0.1799146226,76.2
2022-06-01,205.84,19.37,96.10297,308.323,3198.5,3.6,161.66,1.21,118.329,2.96,21.28,6.3632,20608.2,4583.23,82819.56,1.250167709,0.1749280562,76.0
2022-06-08,195.43,21.02,96.091746,307.8446,3208.78,3.56,110.13,1.398,119.97574,3.16,21.216,6.558256,20600.24,4591.59,82259.65428571428,1.2501086418,0.1699414898,77.6666666666667
2022-06-15,183.71,23.29,96.086134,307.6054,3213.92,3.54,140.82,1.492,120.96147500000001,3.24,21.184,6.655784,20596.26,4595.77,81380.79428571429,1.2500791082,0.1649549234,78.5
2022-06-22,195.19,29.14,96.080522,307.3662,3219.06,3.52,96.97,1.586,120.42424000000001,3.13,21.152,6.753312,20592.28,4599.95,80424.57428571429,1.2500495746,0.159968357,79.3333333333333
2022-07-01,190.61,28.98,96.07491,307.127,3224.2,3.5,177.73,1.68,122.366975,2.89,21.12,6.85084,20588.3,4604.13,79635.68285714286,1.250020041,0.1549817906,81.0
2022-07-08,194.63,29.17,96.1638966666667,305.967333333333,3228.36666666667,3.56666666666667,104.33,1.89666666666667,123.20252,3.1,20.9966666666667,5.54623333333333,20551.7,4620.42,78927.0,1.24987237233333,0.1499952242,79.0
2022-07-15,192.51,29.19,96.20839,305.3875,3230.45,3.6,210.77,2.005,122.73702,2.93,20.935,4.89393,20533.4,4628.565,78362.80285714286,1.249798538,0.1450086578,78.0
2022-07-22,197.9,29.7,96.2528833333333,304.807666666667,3232.53333333333,3.63333333333333,138.82,2.11333333333333,122.4215,2.79,20.8733333333333,4.24162666666667,20515.1,4636.71,77688.3,1.2497247036666699,0.1400220914,77.0
2022-08-01,207.68,26.93,96.34187,303.648,3236.7,3.7,141.32,2.33,121.8963,2.84,20.75,2.93702,20478.5,4653.0,76622.85428571429,1.249577035,0.150714283666667,76.0
2022-08-08,214.94,27.76,96.429538,302.3684,3241.46,3.62,227.88,2.422,121.17421999999999,2.85,20.73,3.521672,20398.86,4664.228,76059.34571428572,1.250652063,0.158553663,78.0
2022-08-15,211.79,24.86,96.473372,301.7286,3243.84,3.58,145.63,2.468,122.03876,2.98,20.72,3.813998,20359.04,4669.842,75510.22857142858,1.2511895769999999,0.166393042333333,79.0
2022-08-22,203.77,21.78,96.517206,301.0888,3246.22,3.54,169.02,2.514,123.09148,3.04,20.71,4.106324,20319.22,4675.456,75275.75714285714,1.251727091,0.174232421666667,80.0
2022-09-01,196.71,20.09,96.56104,300.449,3248.6,3.5,75.93,2.56,124.36257499999999,3.2,20.7,4.39865,20279.4,4681.07,74691.36857142857,1.252264605,0.182071801,81.0
2022-09-08,204.45,20.65,96.606732,299.7398,3247.08,3.58,47.62,2.768,124.04580000000001,3.32,20.584,5.537238,20207.16,4693.606,74467.28,1.2542965270000002,0.189911180333333,80.6
2022-09-15,194.63,23.57,96.629578,299.3852,3246.32,3.62,118.58,2.872,125.05576,3.45,20.526,6.106532,20171.04,4699.874,74004.77142857143,1.255312488,0.197750559666667,80.2
2022-09-22,184.26,26.37,96.652424,299.0306,3245.56,3.66,139.2,2.976,127.57195999999999,3.69,20.468,6.675826,20134.92,4706.142,73592.9542857143,1.256328449,0.205589939,79.8
2022-10-01,182.4,23.41,96.67527,298.676,3244.8,3.7,101.92,3.08,126.84502,3.88,20.41,7.24512,20098.8,4712.41,72775.86285714286,1.25734441,0.221268697666667,79.0
2022-10-08,179.42,22.95,96.6976133333333,298.059666666667,3240.46666666667,3.66666666666667,100.81,3.31333333333333,127.88582500000001,4.01,20.3333333333333,6.47728666666667,20055.3666666667,4728.39,72392.48857142858,1.2569210929999999,0.229108077,82.2
2022-10-15,187.49,24.09,96.708785,297.7515,3238.3,3.65,120.4,3.43,127.85654,4.22,20.295,6.09337,20033.65,4736.38,71627.74857142857,1.2567094345,0.172740867,83.8
2022-10-22,195.29,26.8,96.7199566666667,297.443333333333,3236.13333333333,3.63333333333333,72.32,3.54666666666667,127.10768,4.02,20.2566666666667,5.70945333333333,20011.9333333333,4744.37,71221.68857142857,1.256497776,0.1654127205,85.4
2022-11-01,188.94,26.49,96.7423,296.827,3231.8,3.6,127.48,3.78,127.21770000000001,4.16,20.18,4.94162,19968.5,4760.35,70323.19428571429,1.256074459,0.16174864725,87.0
2022-11-08,200.16,28.96,96.831576,295.8242,3227.2,3.56,123.6,3.908,124.90385,3.82,20.084,5.83434,19913.42,4770.534,70083.66285714286,1.2545319534,0.158084574,91.4
2022-11-15,198.42,27.6,96.876214,295.3228,3224.9,3.54,95.09,3.972,123.73242,3.81,20.036,6.2807,19885.88,4775.626,69911.57142857143,1.2537607006,0.166603218090909,93.6
2022-11-22,201.54,25.43,96.920852,294.8214,3222.6,3.52,125.51,4.036,123.709075,3.69,19.988,6.72706,19858.34,4780.718,69557.08,1.2529894478,0.175121862181818,95.8
2022-12-01,203.99,21.24,96.96549,294.32,3220.3,3.5,177.11,4.1,122.43816,3.51,19.94,7.17342,19830.8,4785.81,69400.86571428573,1.252218195,0.183640506272727,98.0
2022-12-08,196.7,22.23,97.084994,293.6744,3113.22,3.46,81.81,4.192,122.21358000000001,3.56,20.268,7.023032,19727.0,4787.682,69470.24,1.256222971,0.192159150363636,96.0
2022-12-15,192.69,23.03,97.144746,293.3516,3059.68,3.44,114.95,4.238,122.40424,3.48,20.432,6.947838,19675.1,4788.618,69138.37142857144,1.258225359,0.200677794454545,94.0
2022-12-22,191.42,22.64,97.204498,293.0288,3006.14,3.42,98.69,4.284,121.976125,3.75,20.596,6.872644,19623.2,4789.554,68898.03142857143,1.260227747,0.209196438545455,92.0
2023-01-01,194.04,18.93,97.26425,292.706,2952.6,3.4,433.38,4.33,121.648325,3.56,20.76,6.79745,19571.3,4790.49,68783.42857142858,1.262230135,0.226233726727273,88.0
