date,Audemars Piguet Market Index (USD)
Sun Jan 01 2017,36409
Mon Jan 02 2017,36409
Tue Jan 03 2017,36402
Wed Jan 04 2017,36402
Thu Jan 05 2017,36402
Fri Jan 06 2017,36354
Sat Jan 07 2017,36354
Sun Jan 08 2017,36354
Mon Jan 09 2017,36354
Tue Jan 10 2017,36354
Wed Jan 11 2017,36354
Thu Jan 12 2017,36354
Fri Jan 13 2017,36354
Sat Jan 14 2017,36376
Sun Jan 15 2017,36373
Mon Jan 16 2017,36365
Tue Jan 17 2017,36365
Wed Jan 18 2017,36360
Thu Jan 19 2017,36361
Fri Jan 20 2017,36361
Sat Jan 21 2017,36358
Sun Jan 22 2017,36354
Mon Jan 23 2017,36356
Tue Jan 24 2017,36356
Wed Jan 25 2017,36352
Thu Jan 26 2017,36315
Fri Jan 27 2017,36315
Sat Jan 28 2017,36315
Sun Jan 29 2017,36315
Mon Jan 30 2017,36315
Tue Jan 31 2017,36276
Wed Feb 01 2017,36298
Thu Feb 02 2017,36295
Fri Feb 03 2017,36295
Sat Feb 04 2017,36295
Sun Feb 05 2017,36295
Mon Feb 06 2017,36295
Tue Feb 07 2017,36292
Wed Feb 08 2017,36292
Thu Feb 09 2017,36270
Fri Feb 10 2017,36284
Sat Feb 11 2017,36283
Sun Feb 12 2017,36254
Mon Feb 13 2017,36250
Tue Feb 14 2017,36250
Wed Feb 15 2017,36242
Thu Feb 16 2017,36242
Fri Feb 17 2017,36266
Sat Feb 18 2017,36266
Sun Feb 19 2017,36266
Mon Feb 20 2017,36266
Tue Feb 21 2017,36265
Wed Feb 22 2017,36268
Thu Feb 23 2017,36272
Fri Feb 24 2017,36277
Sat Feb 25 2017,36285
Sun Feb 26 2017,36262
Mon Feb 27 2017,36240
Tue Feb 28 2017,36203
Wed Mar 01 2017,36208
Thu Mar 02 2017,36208
Fri Mar 03 2017,36259
Sat Mar 04 2017,36259
Sun Mar 05 2017,36259
Mon Mar 06 2017,36256
Tue Mar 07 2017,36256
Wed Mar 08 2017,36256
Thu Mar 09 2017,36204
Fri Mar 10 2017,36197
Sat Mar 11 2017,36197
Sun Mar 12 2017,36210
Mon Mar 13 2017,36258
Tue Mar 14 2017,36258
Wed Mar 15 2017,36258
Thu Mar 16 2017,36272
Fri Mar 17 2017,36272
Sat Mar 18 2017,36272
Sun Mar 19 2017,36272
Mon Mar 20 2017,36278
Tue Mar 21 2017,36274
Wed Mar 22 2017,36273
Thu Mar 23 2017,36273
Fri Mar 24 2017,36283
Sat Mar 25 2017,36291
Sun Mar 26 2017,36291
Mon Mar 27 2017,36290
Tue Mar 28 2017,36316
Wed Mar 29 2017,36318
Thu Mar 30 2017,36318
Fri Mar 31 2017,36319
Sat Apr 01 2017,36319
Sun Apr 02 2017,36323
Mon Apr 03 2017,36069
Tue Apr 04 2017,36069
Wed Apr 05 2017,36069
Thu Apr 06 2017,36110
Fri Apr 07 2017,36110
Sat Apr 08 2017,36100
Sun Apr 09 2017,36059
Mon Apr 10 2017,36063
Tue Apr 11 2017,36063
Wed Apr 12 2017,36063
Thu Apr 13 2017,36063
Fri Apr 14 2017,36099
Sat Apr 15 2017,36099
Sun Apr 16 2017,36099
Mon Apr 17 2017,36091
Tue Apr 18 2017,36050
Wed Apr 19 2017,36050
Thu Apr 20 2017,36026
Fri Apr 21 2017,36026
Sat Apr 22 2017,36026
Sun Apr 23 2017,36026
Mon Apr 24 2017,36026
Tue Apr 25 2017,36026
Wed Apr 26 2017,36026
Thu Apr 27 2017,36028
Fri Apr 28 2017,36028
Sat Apr 29 2017,36028
Sun Apr 30 2017,36028
Mon May 01 2017,36028
Tue May 02 2017,36028
Wed May 03 2017,36027
Thu May 04 2017,36027
Fri May 05 2017,36040
Sat May 06 2017,36034
Sun May 07 2017,36031
Mon May 08 2017,36037
Tue May 09 2017,36037
Wed May 10 2017,36037
Thu May 11 2017,36037
Fri May 12 2017,36038
Sat May 13 2017,36021
Sun May 14 2017,36003
Mon May 15 2017,36003
Tue May 16 2017,36003
Wed May 17 2017,35998
Thu May 18 2017,35998
Fri May 19 2017,35990
Sat May 20 2017,35961
Sun May 21 2017,35961
Mon May 22 2017,35961
Tue May 23 2017,35961
Wed May 24 2017,35961
Thu May 25 2017,35967
Fri May 26 2017,35968
Sat May 27 2017,35962
Sun May 28 2017,35962
Mon May 29 2017,35962
Tue May 30 2017,35900
Wed May 31 2017,35900
Thu Jun 01 2017,35869
Fri Jun 02 2017,35869
Sat Jun 03 2017,35869
Sun Jun 04 2017,35869
Mon Jun 05 2017,35869
Tue Jun 06 2017,35869
Wed Jun 07 2017,35860
Thu Jun 08 2017,35860
Fri Jun 09 2017,35854
Sat Jun 10 2017,35808
Sun Jun 11 2017,35815
Mon Jun 12 2017,35818
Tue Jun 13 2017,35818
Wed Jun 14 2017,35821
Thu Jun 15 2017,35821
Fri Jun 16 2017,35821
Sat Jun 17 2017,35821
Sun Jun 18 2017,35821
Mon Jun 19 2017,35813
Tue Jun 20 2017,35813
Wed Jun 21 2017,35813
Thu Jun 22 2017,35814
Fri Jun 23 2017,35943
Sat Jun 24 2017,35943
Sun Jun 25 2017,35939
Mon Jun 26 2017,35938
Tue Jun 27 2017,35940
Wed Jun 28 2017,35940
Thu Jun 29 2017,35940
Fri Jun 30 2017,35987
Sat Jul 01 2017,35982
Sun Jul 02 2017,35982
Mon Jul 03 2017,35974
Tue Jul 04 2017,35974
Wed Jul 05 2017,35970
Thu Jul 06 2017,36041
Fri Jul 07 2017,36041
Sat Jul 08 2017,36041
Sun Jul 09 2017,36041
Mon Jul 10 2017,36041
Tue Jul 11 2017,36045
Wed Jul 12 2017,36050
Thu Jul 13 2017,36050
Fri Jul 14 2017,35952
Sat Jul 15 2017,35952
Sun Jul 16 2017,36065
Mon Jul 17 2017,36065
Tue Jul 18 2017,36060
Wed Jul 19 2017,36058
Thu Jul 20 2017,36058
Fri Jul 21 2017,36045
Sat Jul 22 2017,36045
Sun Jul 23 2017,36045
Mon Jul 24 2017,36045
Tue Jul 25 2017,36024
Wed Jul 26 2017,36024
Thu Jul 27 2017,36024
Fri Jul 28 2017,36024
Sat Jul 29 2017,36024
Sun Jul 30 2017,36024
Mon Jul 31 2017,36020
Tue Aug 01 2017,36015
Wed Aug 02 2017,36015
Thu Aug 03 2017,36015
Fri Aug 04 2017,36015
Sat Aug 05 2017,36015
Sun Aug 06 2017,36013
Mon Aug 07 2017,36006
Tue Aug 08 2017,36000
Wed Aug 09 2017,36000
Thu Aug 10 2017,36000
Fri Aug 11 2017,35998
Sat Aug 12 2017,35935
Sun Aug 13 2017,35935
Mon Aug 14 2017,35935
Tue Aug 15 2017,35935
Wed Aug 16 2017,35937
Thu Aug 17 2017,35937
Fri Aug 18 2017,35937
Sat Aug 19 2017,35994
Sun Aug 20 2017,35994
Mon Aug 21 2017,35994
Tue Aug 22 2017,36033
Wed Aug 23 2017,36043
Thu Aug 24 2017,36043
Fri Aug 25 2017,36043
Sat Aug 26 2017,36040
Sun Aug 27 2017,36040
Mon Aug 28 2017,36041
Tue Aug 29 2017,36035
Wed Aug 30 2017,36208
Thu Aug 31 2017,36208
Fri Sep 01 2017,36194
Sat Sep 02 2017,36197
Sun Sep 03 2017,36197
Mon Sep 04 2017,36204
Tue Sep 05 2017,36204
Wed Sep 06 2017,36284
Thu Sep 07 2017,36284
Fri Sep 08 2017,36284
Sat Sep 09 2017,36284
Sun Sep 10 2017,36283
Mon Sep 11 2017,36321
Tue Sep 12 2017,36321
Wed Sep 13 2017,36321
Thu Sep 14 2017,36321
Fri Sep 15 2017,36325
Sat Sep 16 2017,36325
Sun Sep 17 2017,36328
Mon Sep 18 2017,36390
Tue Sep 19 2017,36386
Wed Sep 20 2017,36386
Thu Sep 21 2017,36386
Fri Sep 22 2017,36386
Sat Sep 23 2017,36374
Sun Sep 24 2017,36374
Mon Sep 25 2017,36374
Tue Sep 26 2017,36374
Wed Sep 27 2017,36374
Thu Sep 28 2017,36373
Fri Sep 29 2017,36367
Sat Sep 30 2017,36370
Sun Oct 01 2017,36370
Mon Oct 02 2017,36370
Tue Oct 03 2017,36380
Wed Oct 04 2017,36402
Thu Oct 05 2017,36401
Fri Oct 06 2017,36401
Sat Oct 07 2017,36401
Sun Oct 08 2017,36401
Mon Oct 09 2017,36407
Tue Oct 10 2017,36411
Wed Oct 11 2017,36411
Thu Oct 12 2017,36413
Fri Oct 13 2017,36413
Sat Oct 14 2017,36413
Sun Oct 15 2017,36486
Mon Oct 16 2017,36486
Tue Oct 17 2017,36486
Wed Oct 18 2017,36490
Thu Oct 19 2017,36490
Fri Oct 20 2017,36493
Sat Oct 21 2017,36493
Sun Oct 22 2017,36388
Mon Oct 23 2017,36388
Tue Oct 24 2017,36388
Wed Oct 25 2017,36405
Thu Oct 26 2017,36405
Fri Oct 27 2017,36405
Sat Oct 28 2017,36405
Sun Oct 29 2017,36405
Mon Oct 30 2017,36406
Tue Oct 31 2017,36415
Wed Nov 01 2017,36416
Thu Nov 02 2017,36418
Fri Nov 03 2017,36413
Sat Nov 04 2017,36422
Sun Nov 05 2017,36422
Mon Nov 06 2017,36422
Tue Nov 07 2017,36436
Wed Nov 08 2017,36441
Thu Nov 09 2017,36437
Fri Nov 10 2017,36469
Sat Nov 11 2017,36469
Sun Nov 12 2017,36469
Mon Nov 13 2017,36469
Tue Nov 14 2017,36469
Wed Nov 15 2017,36469
Thu Nov 16 2017,36469
Fri Nov 17 2017,36469
Sat Nov 18 2017,36469
Sun Nov 19 2017,36469
Mon Nov 20 2017,36469
Tue Nov 21 2017,36469
Wed Nov 22 2017,36469
Thu Nov 23 2017,36469
Fri Nov 24 2017,36469
Sat Nov 25 2017,36469
Sun Nov 26 2017,36469
Mon Nov 27 2017,36469
Tue Nov 28 2017,36469
Wed Nov 29 2017,36469
Thu Nov 30 2017,36461
Fri Dec 01 2017,36461
Sat Dec 02 2017,36461
Sun Dec 03 2017,36461
Mon Dec 04 2017,36454
Tue Dec 05 2017,36454
Wed Dec 06 2017,36454
Thu Dec 07 2017,36454
Fri Dec 08 2017,36454
Sat Dec 09 2017,36454
Sun Dec 10 2017,36466
Mon Dec 11 2017,36466
Tue Dec 12 2017,36466
Wed Dec 13 2017,36466
Thu Dec 14 2017,36513
Fri Dec 15 2017,36513
Sat Dec 16 2017,36487
Sun Dec 17 2017,36494
Mon Dec 18 2017,36494
Tue Dec 19 2017,36477
Wed Dec 20 2017,36477
Thu Dec 21 2017,36415
Fri Dec 22 2017,36415
Sat Dec 23 2017,36415
Sun Dec 24 2017,36414
Mon Dec 25 2017,36414
Tue Dec 26 2017,36414
Wed Dec 27 2017,36419
Thu Dec 28 2017,36419
Fri Dec 29 2017,36419
Sat Dec 30 2017,36419
Sun Dec 31 2017,36419
Mon Jan 01 2018,36419
Tue Jan 02 2018,36419
Wed Jan 03 2018,36419
Thu Jan 04 2018,36414
Fri Jan 05 2018,36414
Sat Jan 06 2018,36414
Sun Jan 07 2018,36414
Mon Jan 08 2018,36414
Tue Jan 09 2018,36414
Wed Jan 10 2018,36425
Thu Jan 11 2018,36425
Fri Jan 12 2018,36408
Sat Jan 13 2018,36408
Sun Jan 14 2018,36408
Mon Jan 15 2018,36408
Tue Jan 16 2018,36409
Wed Jan 17 2018,36409
Thu Jan 18 2018,36459
Fri Jan 19 2018,36515
Sat Jan 20 2018,36524
Sun Jan 21 2018,36512
Mon Jan 22 2018,36504
Tue Jan 23 2018,36504
Wed Jan 24 2018,36525
Thu Jan 25 2018,36525
Fri Jan 26 2018,36526
Sat Jan 27 2018,36519
Sun Jan 28 2018,36519
Mon Jan 29 2018,36519
Tue Jan 30 2018,36519
Wed Jan 31 2018,36519
Thu Feb 01 2018,36520
Fri Feb 02 2018,36541
Sat Feb 03 2018,36541
Sun Feb 04 2018,36551
Mon Feb 05 2018,36550
Tue Feb 06 2018,36694
Wed Feb 07 2018,36835
Thu Feb 08 2018,36838
Fri Feb 09 2018,36838
Sat Feb 10 2018,36838
Sun Feb 11 2018,36828
Mon Feb 12 2018,36809
Tue Feb 13 2018,36809
Wed Feb 14 2018,36807
Thu Feb 15 2018,36807
Fri Feb 16 2018,36807
Sat Feb 17 2018,36817
Sun Feb 18 2018,36817
Mon Feb 19 2018,36817
Tue Feb 20 2018,36858
Wed Feb 21 2018,36858
Thu Feb 22 2018,36858
Fri Feb 23 2018,36865
Sat Feb 24 2018,36865
Sun Feb 25 2018,36865
Mon Feb 26 2018,36902
Tue Feb 27 2018,36906
Wed Feb 28 2018,36923
Thu Mar 01 2018,36945
Fri Mar 02 2018,36945
Sat Mar 03 2018,36897
Sun Mar 04 2018,36905
Mon Mar 05 2018,36979
Tue Mar 06 2018,36979
Wed Mar 07 2018,36991
Thu Mar 08 2018,36975
Fri Mar 09 2018,36975
Sat Mar 10 2018,36975
Sun Mar 11 2018,36975
Mon Mar 12 2018,36975
Tue Mar 13 2018,36975
Wed Mar 14 2018,36975
Thu Mar 15 2018,36975
Fri Mar 16 2018,36976
Sat Mar 17 2018,36997
Sun Mar 18 2018,37017
Mon Mar 19 2018,37017
Tue Mar 20 2018,37017
Wed Mar 21 2018,37017
Thu Mar 22 2018,37017
Fri Mar 23 2018,36999
Sat Mar 24 2018,37021
Sun Mar 25 2018,37021
Mon Mar 26 2018,37023
Tue Mar 27 2018,37023
Wed Mar 28 2018,37049
Thu Mar 29 2018,37062
Fri Mar 30 2018,37065
Sat Mar 31 2018,37065
Sun Apr 01 2018,37065
Mon Apr 02 2018,37065
Tue Apr 03 2018,37065
Wed Apr 04 2018,37062
Thu Apr 05 2018,37108
Fri Apr 06 2018,37108
Sat Apr 07 2018,37133
Sun Apr 08 2018,37133
Mon Apr 09 2018,37133
Tue Apr 10 2018,37133
Wed Apr 11 2018,37133
Thu Apr 12 2018,37133
Fri Apr 13 2018,37133
Sat Apr 14 2018,37133
Sun Apr 15 2018,37133
Mon Apr 16 2018,37133
Tue Apr 17 2018,37133
Wed Apr 18 2018,37153
Thu Apr 19 2018,37170
Fri Apr 20 2018,37170
Sat Apr 21 2018,37154
Sun Apr 22 2018,37181
Mon Apr 23 2018,37178
Tue Apr 24 2018,37178
Wed Apr 25 2018,37178
Thu Apr 26 2018,37178
Fri Apr 27 2018,37178
Sat Apr 28 2018,37187
Sun Apr 29 2018,37215
Mon Apr 30 2018,37215
Tue May 01 2018,37216
Wed May 02 2018,37216
Thu May 03 2018,37331
Fri May 04 2018,37331
Sat May 05 2018,37331
Sun May 06 2018,37344
Mon May 07 2018,37330
Tue May 08 2018,37330
Wed May 09 2018,37316
Thu May 10 2018,37292
Fri May 11 2018,37292
Sat May 12 2018,37301
Sun May 13 2018,37294
Mon May 14 2018,37317
Tue May 15 2018,37317
Wed May 16 2018,37375
Thu May 17 2018,37375
Fri May 18 2018,37375
Sat May 19 2018,37375
Sun May 20 2018,37375
Mon May 21 2018,37371
Tue May 22 2018,37371
Wed May 23 2018,37372
Thu May 24 2018,37372
Fri May 25 2018,37373
Sat May 26 2018,37373
Sun May 27 2018,37373
Mon May 28 2018,37373
Tue May 29 2018,37386
Wed May 30 2018,37386
Thu May 31 2018,37387
Fri Jun 01 2018,37387
Sat Jun 02 2018,37387
Sun Jun 03 2018,37387
Mon Jun 04 2018,37387
Tue Jun 05 2018,37387
Wed Jun 06 2018,37385
Thu Jun 07 2018,37353
Fri Jun 08 2018,37401
Sat Jun 09 2018,37401
Sun Jun 10 2018,37401
Mon Jun 11 2018,37400
Tue Jun 12 2018,37358
Wed Jun 13 2018,37395
Thu Jun 14 2018,37395
Fri Jun 15 2018,37519
Sat Jun 16 2018,37519
Sun Jun 17 2018,37519
Mon Jun 18 2018,37527
Tue Jun 19 2018,37527
Wed Jun 20 2018,37535
Thu Jun 21 2018,37535
Fri Jun 22 2018,37541
Sat Jun 23 2018,37557
Sun Jun 24 2018,37557
Mon Jun 25 2018,37562
Tue Jun 26 2018,37563
Wed Jun 27 2018,37561
Thu Jun 28 2018,37624
Fri Jun 29 2018,37639
Sat Jun 30 2018,37646
Sun Jul 01 2018,37646
Mon Jul 02 2018,37646
Tue Jul 03 2018,37646
Wed Jul 04 2018,37646
Thu Jul 05 2018,37676
Fri Jul 06 2018,37669
Sat Jul 07 2018,37669
Sun Jul 08 2018,37678
Mon Jul 09 2018,37678
Tue Jul 10 2018,37678
Wed Jul 11 2018,37678
Thu Jul 12 2018,37688
Fri Jul 13 2018,37688
Sat Jul 14 2018,37699
Sun Jul 15 2018,37698
Mon Jul 16 2018,37698
Tue Jul 17 2018,37705
Wed Jul 18 2018,37705
Thu Jul 19 2018,37705
Fri Jul 20 2018,37705
Sat Jul 21 2018,37739
Sun Jul 22 2018,37739
Mon Jul 23 2018,37751
Tue Jul 24 2018,37751
Wed Jul 25 2018,37762
Thu Jul 26 2018,37762
Fri Jul 27 2018,37762
Sat Jul 28 2018,37762
Sun Jul 29 2018,37786
Mon Jul 30 2018,37718
Tue Jul 31 2018,37803
Wed Aug 01 2018,37797
Thu Aug 02 2018,37797
Fri Aug 03 2018,37838
Sat Aug 04 2018,37838
Sun Aug 05 2018,37892
Mon Aug 06 2018,37892
Tue Aug 07 2018,37908
Wed Aug 08 2018,37903
Thu Aug 09 2018,37907
Fri Aug 10 2018,37935
Sat Aug 11 2018,37935
Sun Aug 12 2018,37935
Mon Aug 13 2018,37938
Tue Aug 14 2018,37984
Wed Aug 15 2018,37986
Thu Aug 16 2018,37995
Fri Aug 17 2018,37995
Sat Aug 18 2018,37995
Sun Aug 19 2018,38113
Mon Aug 20 2018,38113
Tue Aug 21 2018,38127
Wed Aug 22 2018,38151
Thu Aug 23 2018,38216
Fri Aug 24 2018,38216
Sat Aug 25 2018,38216
Sun Aug 26 2018,38216
Mon Aug 27 2018,38170
Tue Aug 28 2018,38162
Wed Aug 29 2018,38162
Thu Aug 30 2018,38192
Fri Aug 31 2018,38241
Sat Sep 01 2018,38241
Sun Sep 02 2018,38241
Mon Sep 03 2018,38251
Tue Sep 04 2018,38263
Wed Sep 05 2018,38263
Thu Sep 06 2018,38278
Fri Sep 07 2018,38278
Sat Sep 08 2018,38278
Sun Sep 09 2018,38278
Mon Sep 10 2018,38293
Tue Sep 11 2018,38316
Wed Sep 12 2018,38316
Thu Sep 13 2018,38329
Fri Sep 14 2018,38341
Sat Sep 15 2018,38341
Sun Sep 16 2018,38341
Mon Sep 17 2018,38341
Tue Sep 18 2018,38341
Wed Sep 19 2018,38352
Thu Sep 20 2018,38352
Fri Sep 21 2018,38384
Sat Sep 22 2018,38377
Sun Sep 23 2018,38377
Mon Sep 24 2018,38384
Tue Sep 25 2018,38387
Wed Sep 26 2018,38387
Thu Sep 27 2018,38405
Fri Sep 28 2018,38405
Sat Sep 29 2018,38404
Sun Sep 30 2018,38404
Mon Oct 01 2018,38408
Tue Oct 02 2018,38408
Wed Oct 03 2018,38408
Thu Oct 04 2018,38377
Fri Oct 05 2018,38377
Sat Oct 06 2018,38369
Sun Oct 07 2018,38376
Mon Oct 08 2018,38376
Tue Oct 09 2018,38376
Wed Oct 10 2018,38376
Thu Oct 11 2018,38365
Fri Oct 12 2018,38371
Sat Oct 13 2018,38371
Sun Oct 14 2018,38371
Mon Oct 15 2018,38371
Tue Oct 16 2018,38357
Wed Oct 17 2018,38361
Thu Oct 18 2018,38374
Fri Oct 19 2018,38374
Sat Oct 20 2018,38374
Sun Oct 21 2018,38230
Mon Oct 22 2018,38219
Tue Oct 23 2018,38219
Wed Oct 24 2018,38219
Thu Oct 25 2018,38196
Fri Oct 26 2018,38196
Sat Oct 27 2018,38196
Sun Oct 28 2018,38196
Mon Oct 29 2018,38196
Tue Oct 30 2018,38199
Wed Oct 31 2018,38219
Thu Nov 01 2018,38202
Fri Nov 02 2018,38195
Sat Nov 03 2018,38200
Sun Nov 04 2018,38200
Mon Nov 05 2018,38213
Tue Nov 06 2018,38225
Wed Nov 07 2018,38280
Thu Nov 08 2018,38280
Fri Nov 09 2018,38280
Sat Nov 10 2018,38280
Sun Nov 11 2018,38280
Mon Nov 12 2018,38280
Tue Nov 13 2018,38319
Wed Nov 14 2018,38319
Thu Nov 15 2018,38327
Fri Nov 16 2018,38328
Sat Nov 17 2018,38328
Sun Nov 18 2018,38328
Mon Nov 19 2018,38344
Tue Nov 20 2018,38373
Wed Nov 21 2018,38404
Thu Nov 22 2018,38407
Fri Nov 23 2018,38407
Sat Nov 24 2018,38423
Sun Nov 25 2018,38527
Mon Nov 26 2018,38527
Tue Nov 27 2018,38527
Wed Nov 28 2018,38556
Thu Nov 29 2018,38555
Fri Nov 30 2018,38492
Sat Dec 01 2018,38490
Sun Dec 02 2018,38491
Mon Dec 03 2018,38510
Tue Dec 04 2018,38508
Wed Dec 05 2018,38511
Thu Dec 06 2018,38499
Fri Dec 07 2018,38499
Sat Dec 08 2018,38499
Sun Dec 09 2018,38499
Mon Dec 10 2018,38493
Tue Dec 11 2018,38586
Wed Dec 12 2018,38592
Thu Dec 13 2018,38570
Fri Dec 14 2018,38570
Sat Dec 15 2018,38570
Sun Dec 16 2018,38568
Mon Dec 17 2018,38587
Tue Dec 18 2018,38586
Wed Dec 19 2018,38585
Thu Dec 20 2018,38573
Fri Dec 21 2018,38595
Sat Dec 22 2018,38617
Sun Dec 23 2018,38617
Mon Dec 24 2018,38620
Tue Dec 25 2018,38620
Wed Dec 26 2018,38620
Thu Dec 27 2018,38612
Fri Dec 28 2018,38612
Sat Dec 29 2018,38610
Sun Dec 30 2018,38610
Mon Dec 31 2018,38610
Tue Jan 01 2019,38610
Wed Jan 02 2019,38610
Thu Jan 03 2019,38610
Fri Jan 04 2019,38612
Sat Jan 05 2019,38615
Sun Jan 06 2019,38639
Mon Jan 07 2019,38672
Tue Jan 08 2019,38672
Wed Jan 09 2019,38691
Thu Jan 10 2019,38690
Fri Jan 11 2019,38690
Sat Jan 12 2019,38690
Sun Jan 13 2019,38690
Mon Jan 14 2019,38690
Tue Jan 15 2019,38690
Wed Jan 16 2019,38689
Thu Jan 17 2019,38689
Fri Jan 18 2019,38685
Sat Jan 19 2019,38677
Sun Jan 20 2019,38701
Mon Jan 21 2019,38702
Tue Jan 22 2019,38702
Wed Jan 23 2019,38704
Thu Jan 24 2019,38704
Fri Jan 25 2019,38653
Sat Jan 26 2019,38646
Sun Jan 27 2019,38646
Mon Jan 28 2019,38644
Tue Jan 29 2019,38644
Wed Jan 30 2019,38644
Thu Jan 31 2019,38644
Fri Feb 01 2019,38646
Sat Feb 02 2019,38646
Sun Feb 03 2019,38650
Mon Feb 04 2019,38662
Tue Feb 05 2019,38662
Wed Feb 06 2019,38688
Thu Feb 07 2019,38688
Fri Feb 08 2019,38685
Sat Feb 09 2019,38685
Sun Feb 10 2019,38695
Mon Feb 11 2019,38708
Tue Feb 12 2019,38707
Wed Feb 13 2019,38702
Thu Feb 14 2019,38701
Fri Feb 15 2019,38714
Sat Feb 16 2019,38714
Sun Feb 17 2019,38747
Mon Feb 18 2019,38747
Tue Feb 19 2019,38810
Wed Feb 20 2019,38810
Thu Feb 21 2019,38795
Fri Feb 22 2019,38795
Sat Feb 23 2019,38775
Sun Feb 24 2019,38775
Mon Feb 25 2019,38789
Tue Feb 26 2019,38801
Wed Feb 27 2019,38820
Thu Feb 28 2019,38820
Fri Mar 01 2019,38822
Sat Mar 02 2019,38846
Sun Mar 03 2019,38949
Mon Mar 04 2019,38965
Tue Mar 05 2019,38965
Wed Mar 06 2019,38976
Thu Mar 07 2019,39005
Fri Mar 08 2019,39041
Sat Mar 09 2019,39056
Sun Mar 10 2019,39053
Mon Mar 11 2019,39076
Tue Mar 12 2019,39094
Wed Mar 13 2019,39113
Thu Mar 14 2019,39247
Fri Mar 15 2019,39328
Sat Mar 16 2019,39328
Sun Mar 17 2019,39328
Mon Mar 18 2019,39392
Tue Mar 19 2019,39444
Wed Mar 20 2019,39444
Thu Mar 21 2019,39457
Fri Mar 22 2019,39490
Sat Mar 23 2019,39488
Sun Mar 24 2019,39488
Mon Mar 25 2019,39537
Tue Mar 26 2019,39508
Wed Mar 27 2019,39534
Thu Mar 28 2019,39534
Fri Mar 29 2019,39540
Sat Mar 30 2019,39540
Sun Mar 31 2019,39545
Mon Apr 01 2019,39607
Tue Apr 02 2019,39607
Wed Apr 03 2019,39607
Thu Apr 04 2019,39607
Fri Apr 05 2019,39641
Sat Apr 06 2019,39636
Sun Apr 07 2019,39636
Mon Apr 08 2019,39636
Tue Apr 09 2019,39665
Wed Apr 10 2019,39596
Thu Apr 11 2019,39657
Fri Apr 12 2019,39665
Sat Apr 13 2019,39665
Sun Apr 14 2019,39665
Mon Apr 15 2019,39665
Tue Apr 16 2019,39672
Wed Apr 17 2019,39672
Thu Apr 18 2019,39721
Fri Apr 19 2019,39721
Sat Apr 20 2019,39721
Sun Apr 21 2019,39721
Mon Apr 22 2019,39768
Tue Apr 23 2019,39790
Wed Apr 24 2019,39860
Thu Apr 25 2019,39860
Fri Apr 26 2019,39860
Sat Apr 27 2019,39888
Sun Apr 28 2019,39888
Mon Apr 29 2019,39888
Tue Apr 30 2019,39896
Wed May 01 2019,39943
Thu May 02 2019,39943
Fri May 03 2019,39944
Sat May 04 2019,39944
Sun May 05 2019,39944
Mon May 06 2019,39956
Tue May 07 2019,39956
Wed May 08 2019,40137
Thu May 09 2019,40137
Fri May 10 2019,40142
Sat May 11 2019,40143
Sun May 12 2019,40143
Mon May 13 2019,40143
Tue May 14 2019,40119
Wed May 15 2019,40119
Thu May 16 2019,40121
Fri May 17 2019,40017
Sat May 18 2019,40024
Sun May 19 2019,40036
Mon May 20 2019,40066
Tue May 21 2019,40032
Wed May 22 2019,40037
Thu May 23 2019,40130
Fri May 24 2019,40130
Sat May 25 2019,40130
Sun May 26 2019,40126
Mon May 27 2019,40125
Tue May 28 2019,40125
Wed May 29 2019,40154
Thu May 30 2019,40154
Fri May 31 2019,40148
Sat Jun 01 2019,40160
Sun Jun 02 2019,40156
Mon Jun 03 2019,40201
Tue Jun 04 2019,40212
Wed Jun 05 2019,40212
Thu Jun 06 2019,40212
Fri Jun 07 2019,40218
Sat Jun 08 2019,40220
Sun Jun 09 2019,40220
Mon Jun 10 2019,40220
Tue Jun 11 2019,40219
Wed Jun 12 2019,40219
Thu Jun 13 2019,40221
Fri Jun 14 2019,40221
Sat Jun 15 2019,40228
Sun Jun 16 2019,40278
Mon Jun 17 2019,40278
Tue Jun 18 2019,40278
Wed Jun 19 2019,40283
Thu Jun 20 2019,40287
Fri Jun 21 2019,40287
Sat Jun 22 2019,40287
Sun Jun 23 2019,40440
Mon Jun 24 2019,40440
Tue Jun 25 2019,40440
Wed Jun 26 2019,40426
Thu Jun 27 2019,40426
Fri Jun 28 2019,40426
Sat Jun 29 2019,40426
Sun Jun 30 2019,40456
Mon Jul 01 2019,40618
Tue Jul 02 2019,40612
Wed Jul 03 2019,40617
Thu Jul 04 2019,40617
Fri Jul 05 2019,40617
Sat Jul 06 2019,40629
Sun Jul 07 2019,40595
Mon Jul 08 2019,40587
Tue Jul 09 2019,40518
Wed Jul 10 2019,40562
Thu Jul 11 2019,40559
Fri Jul 12 2019,40559
Sat Jul 13 2019,40548
Sun Jul 14 2019,40555
Mon Jul 15 2019,40564
Tue Jul 16 2019,40605
Wed Jul 17 2019,40614
Thu Jul 18 2019,40783
Fri Jul 19 2019,40825
Sat Jul 20 2019,40822
Sun Jul 21 2019,40822
Mon Jul 22 2019,40822
Tue Jul 23 2019,40822
Wed Jul 24 2019,40822
Thu Jul 25 2019,40824
Fri Jul 26 2019,40951
Sat Jul 27 2019,40951
Sun Jul 28 2019,40951
Mon Jul 29 2019,40951
Tue Jul 30 2019,40952
Wed Jul 31 2019,40949
Thu Aug 01 2019,40960
Fri Aug 02 2019,40981
Sat Aug 03 2019,40977
Sun Aug 04 2019,41012
Mon Aug 05 2019,41012
Tue Aug 06 2019,41026
Wed Aug 07 2019,41073
Thu Aug 08 2019,41074
Fri Aug 09 2019,41101
Sat Aug 10 2019,41104
Sun Aug 11 2019,41151
Mon Aug 12 2019,41152
Tue Aug 13 2019,41153
Wed Aug 14 2019,41153
Thu Aug 15 2019,41153
Fri Aug 16 2019,41153
Sat Aug 17 2019,41153
Sun Aug 18 2019,41226
Mon Aug 19 2019,41230
Tue Aug 20 2019,41229
Wed Aug 21 2019,41228
Thu Aug 22 2019,41228
Fri Aug 23 2019,41239
Sat Aug 24 2019,41267
Sun Aug 25 2019,41274
Mon Aug 26 2019,41274
Tue Aug 27 2019,41278
Wed Aug 28 2019,41278
Thu Aug 29 2019,41278
Fri Aug 30 2019,41292
Sat Aug 31 2019,41292
Sun Sep 01 2019,41293
Mon Sep 02 2019,41293
Tue Sep 03 2019,41190
Wed Sep 04 2019,41206
Thu Sep 05 2019,41262
Fri Sep 06 2019,41262
Sat Sep 07 2019,41365
Sun Sep 08 2019,41367
Mon Sep 09 2019,41386
Tue Sep 10 2019,41399
Wed Sep 11 2019,41399
Thu Sep 12 2019,41399
Fri Sep 13 2019,41454
Sat Sep 14 2019,41450
Sun Sep 15 2019,41450
Mon Sep 16 2019,41435
Tue Sep 17 2019,41435
Wed Sep 18 2019,41526
Thu Sep 19 2019,41530
Fri Sep 20 2019,41610
Sat Sep 21 2019,41610
Sun Sep 22 2019,41608
Mon Sep 23 2019,41608
Tue Sep 24 2019,41608
Wed Sep 25 2019,41608
Thu Sep 26 2019,41579
Fri Sep 27 2019,41579
Sat Sep 28 2019,41579
Sun Sep 29 2019,41571
Mon Sep 30 2019,41571
Tue Oct 01 2019,41599
Wed Oct 02 2019,41599
Thu Oct 03 2019,41644
Fri Oct 04 2019,41645
Sat Oct 05 2019,41645
Sun Oct 06 2019,41645
Mon Oct 07 2019,41676
Tue Oct 08 2019,41676
Wed Oct 09 2019,41674
Thu Oct 10 2019,41674
Fri Oct 11 2019,41685
Sat Oct 12 2019,41721
Sun Oct 13 2019,41744
Mon Oct 14 2019,41740
Tue Oct 15 2019,41795
Wed Oct 16 2019,41783
Thu Oct 17 2019,41783
Fri Oct 18 2019,41783
Sat Oct 19 2019,41792
Sun Oct 20 2019,41794
Mon Oct 21 2019,41794
Tue Oct 22 2019,41767
Wed Oct 23 2019,41770
Thu Oct 24 2019,41723
Fri Oct 25 2019,41727
Sat Oct 26 2019,41723
Sun Oct 27 2019,41717
Mon Oct 28 2019,41740
Tue Oct 29 2019,41792
Wed Oct 30 2019,41792
Thu Oct 31 2019,41792
Fri Nov 01 2019,41770
Sat Nov 02 2019,41797
Sun Nov 03 2019,41803
Mon Nov 04 2019,41850
Tue Nov 05 2019,41850
Wed Nov 06 2019,41843
Thu Nov 07 2019,41835
Fri Nov 08 2019,40680
Sat Nov 09 2019,40675
Sun Nov 10 2019,40699
Mon Nov 11 2019,40714
Tue Nov 12 2019,40679
Wed Nov 13 2019,40673
Thu Nov 14 2019,40674
Fri Nov 15 2019,40678
Sat Nov 16 2019,40691
Sun Nov 17 2019,40691
Mon Nov 18 2019,40675
Tue Nov 19 2019,40665
Wed Nov 20 2019,40825
Thu Nov 21 2019,40902
Fri Nov 22 2019,40940
Sat Nov 23 2019,40828
Sun Nov 24 2019,40870
Mon Nov 25 2019,40870
Tue Nov 26 2019,40910
Wed Nov 27 2019,40914
Thu Nov 28 2019,41015
Fri Nov 29 2019,41015
Sat Nov 30 2019,41013
Sun Dec 01 2019,41013
Mon Dec 02 2019,41017
Tue Dec 03 2019,41060
Wed Dec 04 2019,41060
Thu Dec 05 2019,41060
Fri Dec 06 2019,41017
Sat Dec 07 2019,41022
Sun Dec 08 2019,41022
Mon Dec 09 2019,42236
Tue Dec 10 2019,42246
Wed Dec 11 2019,42228
Thu Dec 12 2019,42228
Fri Dec 13 2019,42223
Sat Dec 14 2019,42249
Sun Dec 15 2019,42249
Mon Dec 16 2019,42249
Tue Dec 17 2019,42170
Wed Dec 18 2019,42186
Thu Dec 19 2019,42186
Fri Dec 20 2019,42186
Sat Dec 21 2019,42186
Sun Dec 22 2019,42186
Mon Dec 23 2019,42185
Tue Dec 24 2019,42185
Wed Dec 25 2019,42190
Thu Dec 26 2019,42260
Fri Dec 27 2019,42264
Sat Dec 28 2019,42264
Sun Dec 29 2019,42266
Mon Dec 30 2019,42266
Tue Dec 31 2019,42266
Wed Jan 01 2020,42266
Thu Jan 02 2020,42273
Fri Jan 03 2020,42267
Sat Jan 04 2020,42273
Sun Jan 05 2020,42262
Mon Jan 06 2020,42262
Tue Jan 07 2020,42263
Wed Jan 08 2020,42284
Thu Jan 09 2020,42362
Fri Jan 10 2020,42361
Sat Jan 11 2020,42361
Sun Jan 12 2020,42361
Mon Jan 13 2020,42395
Tue Jan 14 2020,42402
Wed Jan 15 2020,42495
Thu Jan 16 2020,42439
Fri Jan 17 2020,42439
Sat Jan 18 2020,42468
Sun Jan 19 2020,42478
Mon Jan 20 2020,42450
Tue Jan 21 2020,42450
Wed Jan 22 2020,42548
Thu Jan 23 2020,41921
Fri Jan 24 2020,41922
Sat Jan 25 2020,41900
Sun Jan 26 2020,41900
Mon Jan 27 2020,41886
Tue Jan 28 2020,41886
Wed Jan 29 2020,41886
Thu Jan 30 2020,41902
Fri Jan 31 2020,41902
Sat Feb 01 2020,41902
Sun Feb 02 2020,41927
Mon Feb 03 2020,41927
Tue Feb 04 2020,41936
Wed Feb 05 2020,41935
Thu Feb 06 2020,41947
Fri Feb 07 2020,41998
Sat Feb 08 2020,42011
Sun Feb 09 2020,42011
Mon Feb 10 2020,42038
Tue Feb 11 2020,42044
Wed Feb 12 2020,42044
Thu Feb 13 2020,42063
Fri Feb 14 2020,42063
Sat Feb 15 2020,42076
Sun Feb 16 2020,42071
Mon Feb 17 2020,42093
Tue Feb 18 2020,42155
Wed Feb 19 2020,42176
Thu Feb 20 2020,42135
Fri Feb 21 2020,42135
Sat Feb 22 2020,42154
Sun Feb 23 2020,42150
Mon Feb 24 2020,42160
Tue Feb 25 2020,42163
Wed Feb 26 2020,42201
Thu Feb 27 2020,42211
Fri Feb 28 2020,42221
Sat Feb 29 2020,42221
Sun Mar 01 2020,42221
Mon Mar 02 2020,42256
Tue Mar 03 2020,42255
Wed Mar 04 2020,42239
Thu Mar 05 2020,42349
Fri Mar 06 2020,42360
Sat Mar 07 2020,42363
Sun Mar 08 2020,42360
Mon Mar 09 2020,42362
Tue Mar 10 2020,42421
Wed Mar 11 2020,42424
Thu Mar 12 2020,42449
Fri Mar 13 2020,42442
Sat Mar 14 2020,42448
Sun Mar 15 2020,42448
Mon Mar 16 2020,42458
Tue Mar 17 2020,42459
Wed Mar 18 2020,42459
Thu Mar 19 2020,42473
Fri Mar 20 2020,42465
Sat Mar 21 2020,42456
Sun Mar 22 2020,42456
Mon Mar 23 2020,42468
Tue Mar 24 2020,42523
Wed Mar 25 2020,42541
Thu Mar 26 2020,42564
Fri Mar 27 2020,42646
Sat Mar 28 2020,42714
Sun Mar 29 2020,42743
Mon Mar 30 2020,42775
Tue Mar 31 2020,42784
Wed Apr 01 2020,42780
Thu Apr 02 2020,42780
Fri Apr 03 2020,42780
Sat Apr 04 2020,42807
Sun Apr 05 2020,42807
Mon Apr 06 2020,42818
Tue Apr 07 2020,42811
Wed Apr 08 2020,42897
Thu Apr 09 2020,42886
Fri Apr 10 2020,42886
Sat Apr 11 2020,42987
Sun Apr 12 2020,42987
Mon Apr 13 2020,43009
Tue Apr 14 2020,43186
Wed Apr 15 2020,43187
Thu Apr 16 2020,43171
Fri Apr 17 2020,43175
Sat Apr 18 2020,43175
Sun Apr 19 2020,43181
Mon Apr 20 2020,43186
Tue Apr 21 2020,43884
Wed Apr 22 2020,43884
Thu Apr 23 2020,43880
Fri Apr 24 2020,43878
Sat Apr 25 2020,43878
Sun Apr 26 2020,43876
Mon Apr 27 2020,43869
Tue Apr 28 2020,43890
Wed Apr 29 2020,43952
Thu Apr 30 2020,43952
Fri May 01 2020,44023
Sat May 02 2020,44021
Sun May 03 2020,44001
Mon May 04 2020,44001
Tue May 05 2020,44009
Wed May 06 2020,44019
Thu May 07 2020,44019
Fri May 08 2020,43808
Sat May 09 2020,43814
Sun May 10 2020,43818
Mon May 11 2020,43818
Tue May 12 2020,43818
Wed May 13 2020,43862
Thu May 14 2020,43761
Fri May 15 2020,43708
Sat May 16 2020,43708
Sun May 17 2020,43708
Mon May 18 2020,43708
Tue May 19 2020,43689
Wed May 20 2020,43719
Thu May 21 2020,43791
Fri May 22 2020,43783
Sat May 23 2020,43780
Sun May 24 2020,43754
Mon May 25 2020,43797
Tue May 26 2020,43797
Wed May 27 2020,43798
Thu May 28 2020,43791
Fri May 29 2020,43791
Sat May 30 2020,43798
Sun May 31 2020,43798
Mon Jun 01 2020,43794
Tue Jun 02 2020,43795
Wed Jun 03 2020,43795
Thu Jun 04 2020,43790
Fri Jun 05 2020,43790
Sat Jun 06 2020,43798
Sun Jun 07 2020,43799
Mon Jun 08 2020,43799
Tue Jun 09 2020,43819
Wed Jun 10 2020,43819
Thu Jun 11 2020,43824
Fri Jun 12 2020,43824
Sat Jun 13 2020,43824
Sun Jun 14 2020,43837
Mon Jun 15 2020,43828
Tue Jun 16 2020,43819
Wed Jun 17 2020,43830
Thu Jun 18 2020,43830
Fri Jun 19 2020,43830
Sat Jun 20 2020,43851
Sun Jun 21 2020,43855
Mon Jun 22 2020,43855
Tue Jun 23 2020,43893
Wed Jun 24 2020,43884
Thu Jun 25 2020,43884
Fri Jun 26 2020,44102
Sat Jun 27 2020,44099
Sun Jun 28 2020,44176
Mon Jun 29 2020,44176
Tue Jun 30 2020,44176
Wed Jul 01 2020,44199
Thu Jul 02 2020,44199
Fri Jul 03 2020,44199
Sat Jul 04 2020,44212
Sun Jul 05 2020,44207
Mon Jul 06 2020,44142
Tue Jul 07 2020,44142
Wed Jul 08 2020,44142
Thu Jul 09 2020,44142
Fri Jul 10 2020,44139
Sat Jul 11 2020,44139
Sun Jul 12 2020,44088
Mon Jul 13 2020,44085
Tue Jul 14 2020,44083
Wed Jul 15 2020,44099
Thu Jul 16 2020,44095
Fri Jul 17 2020,44090
Sat Jul 18 2020,44104
Sun Jul 19 2020,44104
Mon Jul 20 2020,44104
Tue Jul 21 2020,44055
Wed Jul 22 2020,44060
Thu Jul 23 2020,44107
Fri Jul 24 2020,44097
Sat Jul 25 2020,43841
Sun Jul 26 2020,43844
Mon Jul 27 2020,43844
Tue Jul 28 2020,43906
Wed Jul 29 2020,43906
Thu Jul 30 2020,43893
Fri Jul 31 2020,44472
Sat Aug 01 2020,44489
Sun Aug 02 2020,44535
Mon Aug 03 2020,44527
Tue Aug 04 2020,44527
Wed Aug 05 2020,44527
Thu Aug 06 2020,44527
Fri Aug 07 2020,44528
Sat Aug 08 2020,44541
Sun Aug 09 2020,44533
Mon Aug 10 2020,44562
Tue Aug 11 2020,44583
Wed Aug 12 2020,44541
Thu Aug 13 2020,44601
Fri Aug 14 2020,44608
Sat Aug 15 2020,44608
Sun Aug 16 2020,44608
Mon Aug 17 2020,44606
Tue Aug 18 2020,44608
Wed Aug 19 2020,44606
Thu Aug 20 2020,44285
Fri Aug 21 2020,44188
Sat Aug 22 2020,44190
Sun Aug 23 2020,44195
Mon Aug 24 2020,44179
Tue Aug 25 2020,44179
Wed Aug 26 2020,44181
Thu Aug 27 2020,44197
Fri Aug 28 2020,44217
Sat Aug 29 2020,44497
Sun Aug 30 2020,44497
Mon Aug 31 2020,44547
Tue Sep 01 2020,44543
Wed Sep 02 2020,44543
Thu Sep 03 2020,44543
Fri Sep 04 2020,44530
Sat Sep 05 2020,44530
Sun Sep 06 2020,44519
Mon Sep 07 2020,44598
Tue Sep 08 2020,44592
Wed Sep 09 2020,44601
Thu Sep 10 2020,44601
Fri Sep 11 2020,44601
Sat Sep 12 2020,44601
Sun Sep 13 2020,44601
Mon Sep 14 2020,44611
Tue Sep 15 2020,44611
Wed Sep 16 2020,44611
Thu Sep 17 2020,44611
Fri Sep 18 2020,44654
Sat Sep 19 2020,44654
Sun Sep 20 2020,44654
Mon Sep 21 2020,44668
Tue Sep 22 2020,44685
Wed Sep 23 2020,44685
Thu Sep 24 2020,44685
Fri Sep 25 2020,44685
Sat Sep 26 2020,44667
Sun Sep 27 2020,44667
Mon Sep 28 2020,44667
Tue Sep 29 2020,44667
Wed Sep 30 2020,44713
Thu Oct 01 2020,44713
Fri Oct 02 2020,44716
Sat Oct 03 2020,44894
Sun Oct 04 2020,44909
Mon Oct 05 2020,44836
Tue Oct 06 2020,44882
Wed Oct 07 2020,45281
Thu Oct 08 2020,45281
Fri Oct 09 2020,45281
Sat Oct 10 2020,45281
Sun Oct 11 2020,45281
Mon Oct 12 2020,45281
Tue Oct 13 2020,46093
Wed Oct 14 2020,46093
Thu Oct 15 2020,46556
Fri Oct 16 2020,46661
Sat Oct 17 2020,46766
Sun Oct 18 2020,46843
Mon Oct 19 2020,46850
Tue Oct 20 2020,46733
Wed Oct 21 2020,46729
Thu Oct 22 2020,46809
Fri Oct 23 2020,46809
Sat Oct 24 2020,46981
Sun Oct 25 2020,46997
Mon Oct 26 2020,46809
Tue Oct 27 2020,46844
Wed Oct 28 2020,47045
Thu Oct 29 2020,46987
Fri Oct 30 2020,47015
Sat Oct 31 2020,47196
Sun Nov 01 2020,47280
Mon Nov 02 2020,47302
Tue Nov 03 2020,47340
Wed Nov 04 2020,47499
Thu Nov 05 2020,47493
Fri Nov 06 2020,47574
Sat Nov 07 2020,47592
Sun Nov 08 2020,47722
Mon Nov 09 2020,47970
Tue Nov 10 2020,48109
Wed Nov 11 2020,48044
Thu Nov 12 2020,47941
Fri Nov 13 2020,48010
Sat Nov 14 2020,48149
Sun Nov 15 2020,48125
Mon Nov 16 2020,48166
Tue Nov 17 2020,48325
Wed Nov 18 2020,48578
Thu Nov 19 2020,48662
Fri Nov 20 2020,48665
Sat Nov 21 2020,48849
Sun Nov 22 2020,48853
Mon Nov 23 2020,48911
Tue Nov 24 2020,48880
Wed Nov 25 2020,48980
Thu Nov 26 2020,49106
Fri Nov 27 2020,49184
Sat Nov 28 2020,49278
Sun Nov 29 2020,49059
Mon Nov 30 2020,48973
Tue Dec 01 2020,48774
Wed Dec 02 2020,48787
Thu Dec 03 2020,48827
Fri Dec 04 2020,48794
Sat Dec 05 2020,48823
Sun Dec 06 2020,48806
Mon Dec 07 2020,48833
Tue Dec 08 2020,49063
Wed Dec 09 2020,49327
Thu Dec 10 2020,49361
Fri Dec 11 2020,49453
Sat Dec 12 2020,49373
Sun Dec 13 2020,49167
Mon Dec 14 2020,49307
Tue Dec 15 2020,49294
Wed Dec 16 2020,49320
Thu Dec 17 2020,49445
Fri Dec 18 2020,49579
Sat Dec 19 2020,49664
Sun Dec 20 2020,49794
Mon Dec 21 2020,49963
Tue Dec 22 2020,49943
Wed Dec 23 2020,49963
Thu Dec 24 2020,50068
Fri Dec 25 2020,50166
Sat Dec 26 2020,50192
Sun Dec 27 2020,50193
Mon Dec 28 2020,50250
Tue Dec 29 2020,50305
Wed Dec 30 2020,50277
Thu Dec 31 2020,50381
Fri Jan 01 2021,50381
Sat Jan 02 2021,50428
Sun Jan 03 2021,50454
Mon Jan 04 2021,50496
Tue Jan 05 2021,50641
Wed Jan 06 2021,50755
Thu Jan 07 2021,50906
Fri Jan 08 2021,50989
Sat Jan 09 2021,51092
Sun Jan 10 2021,51163
Mon Jan 11 2021,51159
Tue Jan 12 2021,51325
Wed Jan 13 2021,51486
Thu Jan 14 2021,51494
Fri Jan 15 2021,51831
Sat Jan 16 2021,51882
Sun Jan 17 2021,51827
Mon Jan 18 2021,51727
Tue Jan 19 2021,51748
Wed Jan 20 2021,51810
Thu Jan 21 2021,51847
Fri Jan 22 2021,51865
Sat Jan 23 2021,51948
Sun Jan 24 2021,52039
Mon Jan 25 2021,52069
Tue Jan 26 2021,52250
Wed Jan 27 2021,52246
Thu Jan 28 2021,52370
Fri Jan 29 2021,52388
Sat Jan 30 2021,52337
Sun Jan 31 2021,52629
Mon Feb 01 2021,52731
Tue Feb 02 2021,52783
Wed Feb 03 2021,52831
Thu Feb 04 2021,53297
Fri Feb 05 2021,53545
Sat Feb 06 2021,53586
Sun Feb 07 2021,53631
Mon Feb 08 2021,53665
Tue Feb 09 2021,53777
Wed Feb 10 2021,53610
Thu Feb 11 2021,53666
Fri Feb 12 2021,53687
Sat Feb 13 2021,53837
Sun Feb 14 2021,53935
Mon Feb 15 2021,54070
Tue Feb 16 2021,53949
Wed Feb 17 2021,54148
Thu Feb 18 2021,54158
Fri Feb 19 2021,54193
Sat Feb 20 2021,54072
Sun Feb 21 2021,54083
Mon Feb 22 2021,54111
Tue Feb 23 2021,54235
Wed Feb 24 2021,54299
Thu Feb 25 2021,54356
Fri Feb 26 2021,54407
Sat Feb 27 2021,54614
Sun Feb 28 2021,54518
Mon Mar 01 2021,54494
Tue Mar 02 2021,54650
Wed Mar 03 2021,54761
Thu Mar 04 2021,54817
Fri Mar 05 2021,54915
Sat Mar 06 2021,54866
Sun Mar 07 2021,54848
Mon Mar 08 2021,54847
Tue Mar 09 2021,54950
Wed Mar 10 2021,54943
Thu Mar 11 2021,54895
Fri Mar 12 2021,54790
Sat Mar 13 2021,54950
Sun Mar 14 2021,54966
Mon Mar 15 2021,54937
Tue Mar 16 2021,54927
Wed Mar 17 2021,54917
Thu Mar 18 2021,55022
Fri Mar 19 2021,55140
Sat Mar 20 2021,55095
Sun Mar 21 2021,55177
Mon Mar 22 2021,55194
Tue Mar 23 2021,55234
Wed Mar 24 2021,55348
Thu Mar 25 2021,55397
Fri Mar 26 2021,55433
Sat Mar 27 2021,55462
Sun Mar 28 2021,55682
Mon Mar 29 2021,55733
Tue Mar 30 2021,55867
Wed Mar 31 2021,55909
Thu Apr 01 2021,56009
Fri Apr 02 2021,55919
Sat Apr 03 2021,55956
Sun Apr 04 2021,55884
Mon Apr 05 2021,56015
Tue Apr 06 2021,56104
Wed Apr 07 2021,56269
Thu Apr 08 2021,56083
Fri Apr 09 2021,56002
Sat Apr 10 2021,55874
Sun Apr 11 2021,55604
Mon Apr 12 2021,55737
Tue Apr 13 2021,56136
Wed Apr 14 2021,56133
Thu Apr 15 2021,56145
Fri Apr 16 2021,56402
Sat Apr 17 2021,56485
Sun Apr 18 2021,56489
Mon Apr 19 2021,56616
Tue Apr 20 2021,56679
Wed Apr 21 2021,56830
Thu Apr 22 2021,56670
Fri Apr 23 2021,56719
Sat Apr 24 2021,56893
Sun Apr 25 2021,56937
Mon Apr 26 2021,57360
Tue Apr 27 2021,57687
Wed Apr 28 2021,57807
Thu Apr 29 2021,57509
Fri Apr 30 2021,57812
Sat May 01 2021,57875
Sun May 02 2021,57713
Mon May 03 2021,57965
Tue May 04 2021,58024
Wed May 05 2021,57877
Thu May 06 2021,58014
Fri May 07 2021,58034
Sat May 08 2021,58174
Sun May 09 2021,58108
Mon May 10 2021,58628
Tue May 11 2021,58866
Wed May 12 2021,58975
Thu May 13 2021,59039
Fri May 14 2021,58966
Sat May 15 2021,59433
Sun May 16 2021,59719
Mon May 17 2021,59838
Tue May 18 2021,59864
Wed May 19 2021,60035
Thu May 20 2021,60407
Fri May 21 2021,60751
Sat May 22 2021,60873
Sun May 23 2021,61181
Mon May 24 2021,61421
Tue May 25 2021,61381
Wed May 26 2021,61410
Thu May 27 2021,61497
Fri May 28 2021,61718
Sat May 29 2021,61772
Sun May 30 2021,61868
Mon May 31 2021,61994
Tue Jun 01 2021,62111
Wed Jun 02 2021,62093
Thu Jun 03 2021,62387
Fri Jun 04 2021,62300
Sat Jun 05 2021,62581
Sun Jun 06 2021,62749
Mon Jun 07 2021,62749
Tue Jun 08 2021,63018
Wed Jun 09 2021,63143
Thu Jun 10 2021,63234
Fri Jun 11 2021,63316
Sat Jun 12 2021,63452
Sun Jun 13 2021,63559
Mon Jun 14 2021,63642
Tue Jun 15 2021,63709
Wed Jun 16 2021,63758
Thu Jun 17 2021,63931
Fri Jun 18 2021,63865
Sat Jun 19 2021,63877
Sun Jun 20 2021,63818
Mon Jun 21 2021,64084
Tue Jun 22 2021,64106
Wed Jun 23 2021,64230
Thu Jun 24 2021,64225
Fri Jun 25 2021,64148
Sat Jun 26 2021,64323
Sun Jun 27 2021,64324
Mon Jun 28 2021,64398
Tue Jun 29 2021,64667
Wed Jun 30 2021,64637
Thu Jul 01 2021,64694
Fri Jul 02 2021,64704
Sat Jul 03 2021,64968
Sun Jul 04 2021,64994
Mon Jul 05 2021,65129
Tue Jul 06 2021,65244
Wed Jul 07 2021,65407
Thu Jul 08 2021,65412
Fri Jul 09 2021,65621
Sat Jul 10 2021,65798
Sun Jul 11 2021,65925
Mon Jul 12 2021,65914
Tue Jul 13 2021,66174
Wed Jul 14 2021,66363
Thu Jul 15 2021,66362
Fri Jul 16 2021,66368
Sat Jul 17 2021,66457
Sun Jul 18 2021,66366
Mon Jul 19 2021,66383
Tue Jul 20 2021,66752
Wed Jul 21 2021,66734
Thu Jul 22 2021,66528
Fri Jul 23 2021,66641
Sat Jul 24 2021,66860
Sun Jul 25 2021,66819
Mon Jul 26 2021,66876
Tue Jul 27 2021,66986
Wed Jul 28 2021,67077
Thu Jul 29 2021,67147
Fri Jul 30 2021,67238
Sat Jul 31 2021,67241
Sun Aug 01 2021,67367
Mon Aug 02 2021,67504
Tue Aug 03 2021,67573
Wed Aug 04 2021,67683
Thu Aug 05 2021,67709
Fri Aug 06 2021,67720
Sat Aug 07 2021,67862
Sun Aug 08 2021,67990
Mon Aug 09 2021,67909
Tue Aug 10 2021,67798
Wed Aug 11 2021,68094
Thu Aug 12 2021,67534
Fri Aug 13 2021,67705
Sat Aug 14 2021,67524
Sun Aug 15 2021,67571
Mon Aug 16 2021,67595
Tue Aug 17 2021,67592
Wed Aug 18 2021,67618
Thu Aug 19 2021,67729
Fri Aug 20 2021,68028
Sat Aug 21 2021,67905
Sun Aug 22 2021,68028
Mon Aug 23 2021,68335
Tue Aug 24 2021,68413
Wed Aug 25 2021,68295
Thu Aug 26 2021,68297
Fri Aug 27 2021,68183
Sat Aug 28 2021,68339
Sun Aug 29 2021,68243
Mon Aug 30 2021,68162
Tue Aug 31 2021,68400
Wed Sep 01 2021,68578
Thu Sep 02 2021,68598
Fri Sep 03 2021,68692
Sat Sep 04 2021,68717
Sun Sep 05 2021,68786
Mon Sep 06 2021,68792
Tue Sep 07 2021,68821
Wed Sep 08 2021,69160
Thu Sep 09 2021,69145
Fri Sep 10 2021,68979
Sat Sep 11 2021,68959
Sun Sep 12 2021,69072
Mon Sep 13 2021,68978
Tue Sep 14 2021,69275
Wed Sep 15 2021,69230
Thu Sep 16 2021,69315
Fri Sep 17 2021,69904
Sat Sep 18 2021,70012
Sun Sep 19 2021,70095
Mon Sep 20 2021,70401
Tue Sep 21 2021,70420
Wed Sep 22 2021,70499
Thu Sep 23 2021,70441
Fri Sep 24 2021,70376
Sat Sep 25 2021,70535
Sun Sep 26 2021,70589
Mon Sep 27 2021,70517
Tue Sep 28 2021,70578
Wed Sep 29 2021,70673
Thu Sep 30 2021,70725
Fri Oct 01 2021,70760
Sat Oct 02 2021,70691
Sun Oct 03 2021,71223
Mon Oct 04 2021,71320
Tue Oct 05 2021,71318
Wed Oct 06 2021,71342
Thu Oct 07 2021,71126
Fri Oct 08 2021,71236
Sat Oct 09 2021,71300
Sun Oct 10 2021,71369
Mon Oct 11 2021,71610
Tue Oct 12 2021,71571
Wed Oct 13 2021,71625
Thu Oct 14 2021,71698
Fri Oct 15 2021,71856
Sat Oct 16 2021,72039
Sun Oct 17 2021,72139
Mon Oct 18 2021,72018
Tue Oct 19 2021,71896
Wed Oct 20 2021,71967
Thu Oct 21 2021,71980
Fri Oct 22 2021,72017
Sat Oct 23 2021,72143
Sun Oct 24 2021,72371
Mon Oct 25 2021,72288
Tue Oct 26 2021,72204
Wed Oct 27 2021,72804
Thu Oct 28 2021,72647
Fri Oct 29 2021,72758
Sat Oct 30 2021,72783
Sun Oct 31 2021,72857
Mon Nov 01 2021,73032
Tue Nov 02 2021,73277
Wed Nov 03 2021,73461
Thu Nov 04 2021,73507
Fri Nov 05 2021,73737
Sat Nov 06 2021,73985
Sun Nov 07 2021,73942
Mon Nov 08 2021,74110
Tue Nov 09 2021,74160
Wed Nov 10 2021,74230
Thu Nov 11 2021,74411
Fri Nov 12 2021,74740
Sat Nov 13 2021,74981
Sun Nov 14 2021,75053
Mon Nov 15 2021,75262
Tue Nov 16 2021,75283
Wed Nov 17 2021,75534
Thu Nov 18 2021,75549
Fri Nov 19 2021,75739
Sat Nov 20 2021,75809
Sun Nov 21 2021,75893
Mon Nov 22 2021,75870
Tue Nov 23 2021,75955
Wed Nov 24 2021,76020
Thu Nov 25 2021,76049
Fri Nov 26 2021,76145
Sat Nov 27 2021,76218
Sun Nov 28 2021,76551
Mon Nov 29 2021,76740
Tue Nov 30 2021,77160
Wed Dec 01 2021,77363
Thu Dec 02 2021,77223
Fri Dec 03 2021,77218
Sat Dec 04 2021,77380
Sun Dec 05 2021,77306
Mon Dec 06 2021,77328
Tue Dec 07 2021,77576
Wed Dec 08 2021,77738
Thu Dec 09 2021,77896
Fri Dec 10 2021,77565
Sat Dec 11 2021,77746
Sun Dec 12 2021,77841
Mon Dec 13 2021,78010
Tue Dec 14 2021,78540
Wed Dec 15 2021,78329
Thu Dec 16 2021,77661
Fri Dec 17 2021,78024
Sat Dec 18 2021,78162
Sun Dec 19 2021,78219
Mon Dec 20 2021,78157
Tue Dec 21 2021,78754
Wed Dec 22 2021,78945
Thu Dec 23 2021,79085
Fri Dec 24 2021,79348
Sat Dec 25 2021,79403
Sun Dec 26 2021,79465
Mon Dec 27 2021,79742
Tue Dec 28 2021,80026
Wed Dec 29 2021,80166
Thu Dec 30 2021,80258
Fri Dec 31 2021,80253
Sat Jan 01 2022,80253
Sun Jan 02 2022,80375
Mon Jan 03 2022,80748
Tue Jan 04 2022,81026
Wed Jan 05 2022,81312
Thu Jan 06 2022,81621
Fri Jan 07 2022,81886
Sat Jan 08 2022,82109
Sun Jan 09 2022,82317
Mon Jan 10 2022,82359
Tue Jan 11 2022,82590
Wed Jan 12 2022,83135
Thu Jan 13 2022,83804
Fri Jan 14 2022,84196
Sat Jan 15 2022,84486
Sun Jan 16 2022,84508
Mon Jan 17 2022,84705
Tue Jan 18 2022,84950
Wed Jan 19 2022,85274
Thu Jan 20 2022,85760
Fri Jan 21 2022,85652
Sat Jan 22 2022,85964
Sun Jan 23 2022,86278
Mon Jan 24 2022,86961
Tue Jan 25 2022,87294
Wed Jan 26 2022,87322
Thu Jan 27 2022,87826
Fri Jan 28 2022,87996
Sat Jan 29 2022,88156
Sun Jan 30 2022,88167
Mon Jan 31 2022,88074
Tue Feb 01 2022,88749
Wed Feb 02 2022,88653
Thu Feb 03 2022,89140
Fri Feb 04 2022,89504
Sat Feb 05 2022,89801
Sun Feb 06 2022,90042
Mon Feb 07 2022,90193
Tue Feb 08 2022,90437
Wed Feb 09 2022,90582
Thu Feb 10 2022,90665
Fri Feb 11 2022,91015
Sat Feb 12 2022,91218
Sun Feb 13 2022,91603
Mon Feb 14 2022,91939
Tue Feb 15 2022,91838
Wed Feb 16 2022,92092
Thu Feb 17 2022,92237
Fri Feb 18 2022,92974
Sat Feb 19 2022,92946
Sun Feb 20 2022,93098
Mon Feb 21 2022,93331
Tue Feb 22 2022,94089
Wed Feb 23 2022,94591
Thu Feb 24 2022,95274
Fri Feb 25 2022,95686
Sat Feb 26 2022,96200
Sun Feb 27 2022,96373
Mon Feb 28 2022,96204
Tue Mar 01 2022,96530
Wed Mar 02 2022,96951
Thu Mar 03 2022,97022
Fri Mar 04 2022,97293
Sat Mar 05 2022,97445
Sun Mar 06 2022,97344
Mon Mar 07 2022,97538
Tue Mar 08 2022,97593
Wed Mar 09 2022,97976
Thu Mar 10 2022,97871
Fri Mar 11 2022,97845
Sat Mar 12 2022,98085
Sun Mar 13 2022,97977
Mon Mar 14 2022,98228
Tue Mar 15 2022,98343
Wed Mar 16 2022,98079
Thu Mar 17 2022,98388
Fri Mar 18 2022,98625
Sat Mar 19 2022,98891
Sun Mar 20 2022,99017
Mon Mar 21 2022,99074
Tue Mar 22 2022,99558
Wed Mar 23 2022,99680
Thu Mar 24 2022,99491
Fri Mar 25 2022,99520
Sat Mar 26 2022,99149
Sun Mar 27 2022,99061
Mon Mar 28 2022,98984
Tue Mar 29 2022,99023
Wed Mar 30 2022,99140
Thu Mar 31 2022,99186
Fri Apr 01 2022,99290
Sat Apr 02 2022,99589
Sun Apr 03 2022,99348
Mon Apr 04 2022,99329
Tue Apr 05 2022,99598
Wed Apr 06 2022,99528
Thu Apr 07 2022,99553
Fri Apr 08 2022,99545
Sat Apr 09 2022,99423
Sun Apr 10 2022,99553
Mon Apr 11 2022,99419
Tue Apr 12 2022,99172
Wed Apr 13 2022,99319
Thu Apr 14 2022,99418
Fri Apr 15 2022,99491
Sat Apr 16 2022,99113
Sun Apr 17 2022,99188
Mon Apr 18 2022,99300
Tue Apr 19 2022,99319
Wed Apr 20 2022,99591
Thu Apr 21 2022,99310
Fri Apr 22 2022,99277
Sat Apr 23 2022,99100
Sun Apr 24 2022,99084
Mon Apr 25 2022,99005
Tue Apr 26 2022,99089
Wed Apr 27 2022,98751
Thu Apr 28 2022,98767
Fri Apr 29 2022,98608
Sat Apr 30 2022,98589
Sun May 01 2022,98830
Mon May 02 2022,98765
Tue May 03 2022,98652
Wed May 04 2022,98571
Thu May 05 2022,98263
Fri May 06 2022,98197
Sat May 07 2022,97337
Sun May 08 2022,97071
Mon May 09 2022,96800
Tue May 10 2022,96487
Wed May 11 2022,96782
Thu May 12 2022,96249
Fri May 13 2022,96189
Sat May 14 2022,95644
Sun May 15 2022,95542
Mon May 16 2022,95802
Tue May 17 2022,95481
Wed May 18 2022,95305
Thu May 19 2022,95205
Fri May 20 2022,95789
Sat May 21 2022,95063
Sun May 22 2022,94710
Mon May 23 2022,94948
Tue May 24 2022,94747
Wed May 25 2022,94250
Thu May 26 2022,94213
Fri May 27 2022,94419
Sat May 28 2022,94002
Sun May 29 2022,93845
Mon May 30 2022,93874
Tue May 31 2022,93540
Wed Jun 01 2022,93335
Thu Jun 02 2022,93372
Fri Jun 03 2022,93436
Sat Jun 04 2022,93367
Sun Jun 05 2022,93257
Mon Jun 06 2022,93165
Tue Jun 07 2022,93402
Wed Jun 08 2022,92920
Thu Jun 09 2022,92684
Fri Jun 10 2022,92679
Sat Jun 11 2022,92935
Sun Jun 12 2022,92696
Mon Jun 13 2022,92739
Tue Jun 14 2022,92137
Wed Jun 15 2022,91993
Thu Jun 16 2022,92159
Fri Jun 17 2022,92141
Sat Jun 18 2022,92030
Sun Jun 19 2022,91651
Mon Jun 20 2022,91849
Tue Jun 21 2022,91914
Wed Jun 22 2022,91759
Thu Jun 23 2022,91629
Fri Jun 24 2022,91735
Sat Jun 25 2022,91246
Sun Jun 26 2022,91097
Mon Jun 27 2022,91347
Tue Jun 28 2022,91273
Wed Jun 29 2022,91322
Thu Jun 30 2022,91437
Fri Jul 01 2022,91963
Sat Jul 02 2022,91634
Sun Jul 03 2022,91257
Mon Jul 04 2022,91144
Tue Jul 05 2022,90706
Wed Jul 06 2022,90738
Thu Jul 07 2022,90933
Fri Jul 08 2022,90837
Sat Jul 09 2022,91058
Sun Jul 10 2022,90447
Mon Jul 11 2022,90376
Tue Jul 12 2022,89955
Wed Jul 13 2022,90029
Thu Jul 14 2022,90015
Fri Jul 15 2022,89836
Sat Jul 16 2022,89875
Sun Jul 17 2022,89715
Mon Jul 18 2022,89632
Tue Jul 19 2022,89685
Wed Jul 20 2022,89657
Thu Jul 21 2022,88812
Fri Jul 22 2022,89024
Sat Jul 23 2022,89392
Sun Jul 24 2022,89264
Mon Jul 25 2022,89410
Tue Jul 26 2022,89333
Wed Jul 27 2022,89090
Thu Jul 28 2022,89063
Fri Jul 29 2022,88815
Sat Jul 30 2022,88467
Sun Jul 31 2022,88428
Mon Aug 01 2022,88559
Tue Aug 02 2022,88610
Wed Aug 03 2022,88828
Thu Aug 04 2022,88614
Fri Aug 05 2022,88315
Sat Aug 06 2022,88374
Sun Aug 07 2022,88211
Mon Aug 08 2022,88233
Tue Aug 09 2022,88193
Wed Aug 10 2022,88067
Thu Aug 11 2022,87421
Fri Aug 12 2022,88007
Sat Aug 13 2022,87826
Sun Aug 14 2022,87758
Mon Aug 15 2022,87783
Tue Aug 16 2022,87018
Wed Aug 17 2022,87173
Thu Aug 18 2022,87209
Fri Aug 19 2022,87130
Sat Aug 20 2022,86648
Sun Aug 21 2022,86556
Mon Aug 22 2022,87001
Tue Aug 23 2022,87084
Wed Aug 24 2022,86979
Thu Aug 25 2022,86867
Fri Aug 26 2022,86747
Sat Aug 27 2022,86924
Sun Aug 28 2022,86908
Mon Aug 29 2022,86606
Tue Aug 30 2022,86291
Wed Aug 31 2022,86235
Thu Sep 01 2022,86197
Fri Sep 02 2022,86426
Sat Sep 03 2022,86504
Sun Sep 04 2022,86669
Mon Sep 05 2022,86599
Tue Sep 06 2022,86605
Wed Sep 07 2022,86171
Thu Sep 08 2022,86297
Fri Sep 09 2022,85738
Sat Sep 10 2022,85980
Sun Sep 11 2022,85847
Mon Sep 12 2022,85506
Tue Sep 13 2022,85529
Wed Sep 14 2022,85481
Thu Sep 15 2022,85406
Fri Sep 16 2022,85169
Sat Sep 17 2022,85213
Sun Sep 18 2022,85164
Mon Sep 19 2022,85005
Tue Sep 20 2022,84642
Wed Sep 21 2022,84385
Thu Sep 22 2022,84458
Fri Sep 23 2022,84688
Sat Sep 24 2022,84962
Sun Sep 25 2022,84869
Mon Sep 26 2022,84874
Tue Sep 27 2022,84470
Wed Sep 28 2022,84414
Thu Sep 29 2022,84542
Fri Sep 30 2022,84174
Sat Oct 01 2022,84206
Sun Oct 02 2022,84554
Mon Oct 03 2022,84591
Tue Oct 04 2022,84634
Wed Oct 05 2022,84534
Thu Oct 06 2022,84507
Fri Oct 07 2022,84593
Sat Oct 08 2022,84604
Sun Oct 09 2022,84580
Mon Oct 10 2022,84234
Tue Oct 11 2022,84233
Wed Oct 12 2022,84256
Thu Oct 13 2022,84082
Fri Oct 14 2022,83911
Sat Oct 15 2022,83344
Sun Oct 16 2022,83059
Mon Oct 17 2022,83042
Tue Oct 18 2022,82962
Wed Oct 19 2022,82785
Thu Oct 20 2022,82664
Fri Oct 21 2022,82630
Sat Oct 22 2022,82820
Sun Oct 23 2022,82804
Mon Oct 24 2022,82290
Tue Oct 25 2022,82390
Wed Oct 26 2022,82117
Thu Oct 27 2022,81955
Fri Oct 28 2022,81782
Sat Oct 29 2022,81611
Sun Oct 30 2022,81478
Mon Oct 31 2022,81259
Tue Nov 01 2022,81114
Wed Nov 02 2022,81047
Thu Nov 03 2022,80863
Fri Nov 04 2022,80642
Sat Nov 05 2022,80970
Sun Nov 06 2022,81034
Mon Nov 07 2022,81236
Tue Nov 08 2022,81253
Wed Nov 09 2022,81204
Thu Nov 10 2022,81160
Fri Nov 11 2022,80602
Sat Nov 12 2022,80285
Sun Nov 13 2022,80134
Mon Nov 14 2022,80224
Tue Nov 15 2022,80282
Wed Nov 16 2022,80308
Thu Nov 17 2022,80395
Fri Nov 18 2022,80338
Sat Nov 19 2022,80136
Sun Nov 20 2022,80002
Mon Nov 21 2022,80067
Tue Nov 22 2022,80062
Wed Nov 23 2022,80006
Thu Nov 24 2022,79907
Fri Nov 25 2022,80105
Sat Nov 26 2022,79706
Sun Nov 27 2022,79655
Mon Nov 28 2022,79626
Tue Nov 29 2022,79736
Wed Nov 30 2022,79766
Thu Dec 01 2022,79801
Fri Dec 02 2022,80156
Sat Dec 03 2022,80339
Sun Dec 04 2022,80362
Mon Dec 05 2022,80377
Tue Dec 06 2022,80465
Wed Dec 07 2022,80417
Thu Dec 08 2022,80497
Fri Dec 09 2022,80289
Sat Dec 10 2022,80271
Sun Dec 11 2022,80205
Mon Dec 12 2022,79954
Tue Dec 13 2022,79915
Wed Dec 14 2022,80017
Thu Dec 15 2022,79654
Fri Dec 16 2022,79464
Sat Dec 17 2022,79387
Sun Dec 18 2022,79336
Mon Dec 19 2022,79518
Tue Dec 20 2022,79424
Wed Dec 21 2022,79814
Thu Dec 22 2022,79746
Fri Dec 23 2022,79790
Sat Dec 24 2022,79777
Sun Dec 25 2022,79579
Mon Dec 26 2022,79660
Tue Dec 27 2022,79459
Wed Dec 28 2022,79574
Thu Dec 29 2022,79620
Fri Dec 30 2022,79638
Sat Dec 31 2022,79554
Sun Jan 01 2023,79554
Mon Jan 02 2023,79390
Tue Jan 03 2023,79535
Wed Jan 04 2023,79302
Thu Jan 05 2023,79076
Fri Jan 06 2023,78963
Sat Jan 07 2023,78706
Sun Jan 08 2023,78686
Mon Jan 09 2023,78758
Tue Jan 10 2023,78750
Wed Jan 11 2023,78641
Thu Jan 12 2023,78595
Fri Jan 13 2023,78574
Sat Jan 14 2023,78494
Sun Jan 15 2023,78596
Mon Jan 16 2023,78743
Tue Jan 17 2023,78592
Wed Jan 18 2023,78364
Thu Jan 19 2023,78250
Fri Jan 20 2023,78378
Sat Jan 21 2023,78550
Sun Jan 22 2023,78614
Mon Jan 23 2023,78481
Tue Jan 24 2023,78139
Wed Jan 25 2023,78167
Thu Jan 26 2023,78164
Fri Jan 27 2023,78053
Sat Jan 28 2023,78125
Sun Jan 29 2023,78123
Mon Jan 30 2023,78170
Tue Jan 31 2023,77944
Wed Feb 01 2023,78142
Thu Feb 02 2023,78177
Fri Feb 03 2023,78081
Sat Feb 04 2023,77942
Sun Feb 05 2023,77834
Mon Feb 06 2023,77764
Tue Feb 07 2023,77688
Wed Feb 08 2023,77564
Thu Feb 09 2023,77718
Fri Feb 10 2023,77731
Sat Feb 11 2023,77649
Sun Feb 12 2023,77524
Mon Feb 13 2023,77410
Tue Feb 14 2023,77323
Wed Feb 15 2023,77206
Thu Feb 16 2023,77137
Fri Feb 17 2023,76975
Sat Feb 18 2023,76910
Sun Feb 19 2023,76808
Mon Feb 20 2023,76787
Tue Feb 21 2023,76675
Wed Feb 22 2023,76785
Thu Feb 23 2023,76461
Fri Feb 24 2023,76492
Sat Feb 25 2023,75927
Sun Feb 26 2023,75977
Mon Feb 27 2023,76105
Tue Feb 28 2023,76326
Wed Mar 01 2023,76232
Thu Mar 02 2023,76130
Fri Mar 03 2023,76018
Sat Mar 04 2023,75923
Sun Mar 05 2023,75869
Mon Mar 06 2023,75891
Tue Mar 07 2023,75722
Wed Mar 08 2023,75632
Thu Mar 09 2023,75773
Fri Mar 10 2023,75426
Sat Mar 11 2023,75368
Sun Mar 12 2023,75565
Mon Mar 13 2023,75623
Tue Mar 14 2023,75630
Wed Mar 15 2023,75501
Thu Mar 16 2023,75637
Fri Mar 17 2023,75578
Sat Mar 18 2023,75540
Sun Mar 19 2023,75350
Mon Mar 20 2023,75388
Tue Mar 21 2023,75367
Wed Mar 22 2023,75342
Thu Mar 23 2023,75290
Fri Mar 24 2023,74940
Sat Mar 25 2023,74978
Sun Mar 26 2023,75037
Mon Mar 27 2023,74822
Tue Mar 28 2023,74931
Wed Mar 29 2023,75112
Thu Mar 30 2023,75156
Fri Mar 31 2023,75259
Sat Apr 01 2023,75272
Sun Apr 02 2023,75366
Mon Apr 03 2023,75292
Tue Apr 04 2023,75238
Wed Apr 05 2023,75250
Thu Apr 06 2023,75486
Fri Apr 07 2023,75383
Sat Apr 08 2023,75155
