date,Patek Philippe Market Index (USD)
Sun Jan 01 2017,53241
Mon Jan 02 2017,53241
Tue Jan 03 2017,53241
Wed Jan 04 2017,53281
Thu Jan 05 2017,53269
Fri Jan 06 2017,53303
Sat Jan 07 2017,53303
Sun Jan 08 2017,53427
Mon Jan 09 2017,53431
Tue Jan 10 2017,53431
Wed Jan 11 2017,53431
Thu Jan 12 2017,53462
Fri Jan 13 2017,53462
Sat Jan 14 2017,53462
Sun Jan 15 2017,53462
Mon Jan 16 2017,53462
Tue Jan 17 2017,53462
Wed Jan 18 2017,53462
Thu Jan 19 2017,53462
Fri Jan 20 2017,53462
Sat Jan 21 2017,53462
Sun Jan 22 2017,53462
Mon Jan 23 2017,53462
Tue Jan 24 2017,53460
Wed Jan 25 2017,53460
Thu Jan 26 2017,53460
Fri Jan 27 2017,53468
Sat Jan 28 2017,53468
Sun Jan 29 2017,53468
Mon Jan 30 2017,53440
Tue Jan 31 2017,53460
Wed Feb 01 2017,53460
Thu Feb 02 2017,53429
Fri Feb 03 2017,53429
Sat Feb 04 2017,53431
Sun Feb 05 2017,53416
Mon Feb 06 2017,53416
Tue Feb 07 2017,53416
Wed Feb 08 2017,53416
Thu Feb 09 2017,53416
Fri Feb 10 2017,53640
Sat Feb 11 2017,53639
Sun Feb 12 2017,53639
Mon Feb 13 2017,53639
Tue Feb 14 2017,53616
Wed Feb 15 2017,53616
Thu Feb 16 2017,53678
Fri Feb 17 2017,53678
Sat Feb 18 2017,53677
Sun Feb 19 2017,53677
Mon Feb 20 2017,53677
Tue Feb 21 2017,53677
Wed Feb 22 2017,53701
Thu Feb 23 2017,53701
Fri Feb 24 2017,53701
Sat Feb 25 2017,53708
Sun Feb 26 2017,53708
Mon Feb 27 2017,53708
Tue Feb 28 2017,53708
Wed Mar 01 2017,53708
Thu Mar 02 2017,53708
Fri Mar 03 2017,53708
Sat Mar 04 2017,53708
Sun Mar 05 2017,53848
Mon Mar 06 2017,53848
Tue Mar 07 2017,53848
Wed Mar 08 2017,53842
Thu Mar 09 2017,53915
Fri Mar 10 2017,53887
Sat Mar 11 2017,53887
Sun Mar 12 2017,53887
Mon Mar 13 2017,53887
Tue Mar 14 2017,53887
Wed Mar 15 2017,53887
Thu Mar 16 2017,53908
Fri Mar 17 2017,53908
Sat Mar 18 2017,53908
Sun Mar 19 2017,53908
Mon Mar 20 2017,53901
Tue Mar 21 2017,53901
Wed Mar 22 2017,53888
Thu Mar 23 2017,53888
Fri Mar 24 2017,53888
Sat Mar 25 2017,53888
Sun Mar 26 2017,53888
Mon Mar 27 2017,53888
Tue Mar 28 2017,53888
Wed Mar 29 2017,53888
Thu Mar 30 2017,53861
Fri Mar 31 2017,53861
Sat Apr 01 2017,53861
Sun Apr 02 2017,53864
Mon Apr 03 2017,53864
Tue Apr 04 2017,53864
Wed Apr 05 2017,53864
Thu Apr 06 2017,53864
Fri Apr 07 2017,53864
Sat Apr 08 2017,53864
Sun Apr 09 2017,53884
Mon Apr 10 2017,53884
Tue Apr 11 2017,53921
Wed Apr 12 2017,53921
Thu Apr 13 2017,53921
Fri Apr 14 2017,53921
Sat Apr 15 2017,53921
Sun Apr 16 2017,53921
Mon Apr 17 2017,53921
Tue Apr 18 2017,53921
Wed Apr 19 2017,53921
Thu Apr 20 2017,53888
Fri Apr 21 2017,53888
Sat Apr 22 2017,53888
Sun Apr 23 2017,53888
Mon Apr 24 2017,53888
Tue Apr 25 2017,53890
Wed Apr 26 2017,53976
Thu Apr 27 2017,53961
Fri Apr 28 2017,53961
Sat Apr 29 2017,53962
Sun Apr 30 2017,53962
Mon May 01 2017,53962
Tue May 02 2017,53973
Wed May 03 2017,53973
Thu May 04 2017,53972
Fri May 05 2017,53972
Sat May 06 2017,53987
Sun May 07 2017,53987
Mon May 08 2017,53987
Tue May 09 2017,53987
Wed May 10 2017,53987
Thu May 11 2017,53988
Fri May 12 2017,53988
Sat May 13 2017,53988
Sun May 14 2017,53988
Mon May 15 2017,53988
Tue May 16 2017,53988
Wed May 17 2017,53988
Thu May 18 2017,53968
Fri May 19 2017,53943
Sat May 20 2017,53943
Sun May 21 2017,53943
Mon May 22 2017,53943
Tue May 23 2017,53943
Wed May 24 2017,53923
Thu May 25 2017,53923
Fri May 26 2017,53943
Sat May 27 2017,53943
Sun May 28 2017,53943
Mon May 29 2017,53943
Tue May 30 2017,53943
Wed May 31 2017,53943
Thu Jun 01 2017,53943
Fri Jun 02 2017,53943
Sat Jun 03 2017,53943
Sun Jun 04 2017,53943
Mon Jun 05 2017,53943
Tue Jun 06 2017,53943
Wed Jun 07 2017,53943
Thu Jun 08 2017,53943
Fri Jun 09 2017,53947
Sat Jun 10 2017,53947
Sun Jun 11 2017,53947
Mon Jun 12 2017,53943
Tue Jun 13 2017,53943
Wed Jun 14 2017,53943
Thu Jun 15 2017,53943
Fri Jun 16 2017,53943
Sat Jun 17 2017,53943
Sun Jun 18 2017,53943
Mon Jun 19 2017,54033
Tue Jun 20 2017,53999
Wed Jun 21 2017,53997
Thu Jun 22 2017,53997
Fri Jun 23 2017,53997
Sat Jun 24 2017,53997
Sun Jun 25 2017,53997
Mon Jun 26 2017,53997
Tue Jun 27 2017,53997
Wed Jun 28 2017,53997
Thu Jun 29 2017,53997
Fri Jun 30 2017,53997
Sat Jul 01 2017,53997
Sun Jul 02 2017,53997
Mon Jul 03 2017,53997
Tue Jul 04 2017,53997
Wed Jul 05 2017,53997
Thu Jul 06 2017,53997
Fri Jul 07 2017,53997
Sat Jul 08 2017,53970
Sun Jul 09 2017,53970
Mon Jul 10 2017,53970
Tue Jul 11 2017,53970
Wed Jul 12 2017,53970
Thu Jul 13 2017,53970
Fri Jul 14 2017,53970
Sat Jul 15 2017,53970
Sun Jul 16 2017,53956
Mon Jul 17 2017,53956
Tue Jul 18 2017,53956
Wed Jul 19 2017,53946
Thu Jul 20 2017,53946
Fri Jul 21 2017,53946
Sat Jul 22 2017,53946
Sun Jul 23 2017,53946
Mon Jul 24 2017,53946
Tue Jul 25 2017,53946
Wed Jul 26 2017,53946
Thu Jul 27 2017,53946
Fri Jul 28 2017,53946
Sat Jul 29 2017,53946
Sun Jul 30 2017,53946
Mon Jul 31 2017,53946
Tue Aug 01 2017,53946
Wed Aug 02 2017,53946
Thu Aug 03 2017,53946
Fri Aug 04 2017,53946
Sat Aug 05 2017,53946
Sun Aug 06 2017,53948
Mon Aug 07 2017,53948
Tue Aug 08 2017,53948
Wed Aug 09 2017,53948
Thu Aug 10 2017,54004
Fri Aug 11 2017,54004
Sat Aug 12 2017,54004
Sun Aug 13 2017,54004
Mon Aug 14 2017,54019
Tue Aug 15 2017,54019
Wed Aug 16 2017,54085
Thu Aug 17 2017,54085
Fri Aug 18 2017,54085
Sat Aug 19 2017,54085
Sun Aug 20 2017,54085
Mon Aug 21 2017,54031
Tue Aug 22 2017,54027
Wed Aug 23 2017,54027
Thu Aug 24 2017,54027
Fri Aug 25 2017,54027
Sat Aug 26 2017,54027
Sun Aug 27 2017,54069
Mon Aug 28 2017,54172
Tue Aug 29 2017,54172
Wed Aug 30 2017,54172
Thu Aug 31 2017,54172
Fri Sep 01 2017,54172
Sat Sep 02 2017,54172
Sun Sep 03 2017,54172
Mon Sep 04 2017,54172
Tue Sep 05 2017,54222
Wed Sep 06 2017,54222
Thu Sep 07 2017,54222
Fri Sep 08 2017,54197
Sat Sep 09 2017,54197
Sun Sep 10 2017,54197
Mon Sep 11 2017,54197
Tue Sep 12 2017,54190
Wed Sep 13 2017,54182
Thu Sep 14 2017,54182
Fri Sep 15 2017,54182
Sat Sep 16 2017,54182
Sun Sep 17 2017,54182
Mon Sep 18 2017,54182
Tue Sep 19 2017,54182
Wed Sep 20 2017,54182
Thu Sep 21 2017,54163
Fri Sep 22 2017,54163
Sat Sep 23 2017,54163
Sun Sep 24 2017,54163
Mon Sep 25 2017,54163
Tue Sep 26 2017,54163
Wed Sep 27 2017,54163
Thu Sep 28 2017,54163
Fri Sep 29 2017,54163
Sat Sep 30 2017,54163
Sun Oct 01 2017,54175
Mon Oct 02 2017,54175
Tue Oct 03 2017,54175
Wed Oct 04 2017,54175
Thu Oct 05 2017,54175
Fri Oct 06 2017,54184
Sat Oct 07 2017,54184
Sun Oct 08 2017,54188
Mon Oct 09 2017,54188
Tue Oct 10 2017,54188
Wed Oct 11 2017,54162
Thu Oct 12 2017,54159
Fri Oct 13 2017,54159
Sat Oct 14 2017,54159
Sun Oct 15 2017,54159
Mon Oct 16 2017,54159
Tue Oct 17 2017,54159
Wed Oct 18 2017,54152
Thu Oct 19 2017,54152
Fri Oct 20 2017,54152
Sat Oct 21 2017,54152
Sun Oct 22 2017,54152
Mon Oct 23 2017,54152
Tue Oct 24 2017,54152
Wed Oct 25 2017,54152
Thu Oct 26 2017,54152
Fri Oct 27 2017,54152
Sat Oct 28 2017,54152
Sun Oct 29 2017,54167
Mon Oct 30 2017,54166
Tue Oct 31 2017,54166
Wed Nov 01 2017,54153
Thu Nov 02 2017,54153
Fri Nov 03 2017,54153
Sat Nov 04 2017,54153
Sun Nov 05 2017,54153
Mon Nov 06 2017,54153
Tue Nov 07 2017,54153
Wed Nov 08 2017,54153
Thu Nov 09 2017,54153
Fri Nov 10 2017,54153
Sat Nov 11 2017,54153
Sun Nov 12 2017,54133
Mon Nov 13 2017,54133
Tue Nov 14 2017,54132
Wed Nov 15 2017,54215
Thu Nov 16 2017,54215
Fri Nov 17 2017,54228
Sat Nov 18 2017,54228
Sun Nov 19 2017,54228
Mon Nov 20 2017,54156
Tue Nov 21 2017,54156
Wed Nov 22 2017,54156
Thu Nov 23 2017,54156
Fri Nov 24 2017,54156
Sat Nov 25 2017,54156
Sun Nov 26 2017,54156
Mon Nov 27 2017,54142
Tue Nov 28 2017,54123
Wed Nov 29 2017,54123
Thu Nov 30 2017,54123
Fri Dec 01 2017,54123
Sat Dec 02 2017,54116
Sun Dec 03 2017,54116
Mon Dec 04 2017,54116
Tue Dec 05 2017,54116
Wed Dec 06 2017,54116
Thu Dec 07 2017,54116
Fri Dec 08 2017,54116
Sat Dec 09 2017,54113
Sun Dec 10 2017,54113
Mon Dec 11 2017,54113
Tue Dec 12 2017,54113
Wed Dec 13 2017,54113
Thu Dec 14 2017,54113
Fri Dec 15 2017,54113
Sat Dec 16 2017,54113
Sun Dec 17 2017,54113
Mon Dec 18 2017,54113
Tue Dec 19 2017,54113
Wed Dec 20 2017,54199
Thu Dec 21 2017,54185
Fri Dec 22 2017,54185
Sat Dec 23 2017,54185
Sun Dec 24 2017,54185
Mon Dec 25 2017,54185
Tue Dec 26 2017,54185
Wed Dec 27 2017,54185
Thu Dec 28 2017,54199
Fri Dec 29 2017,54199
Sat Dec 30 2017,54199
Sun Dec 31 2017,54199
Mon Jan 01 2018,54199
Tue Jan 02 2018,54199
Wed Jan 03 2018,54199
Thu Jan 04 2018,54199
Fri Jan 05 2018,54199
Sat Jan 06 2018,54199
Sun Jan 07 2018,54199
Mon Jan 08 2018,54199
Tue Jan 09 2018,54202
Wed Jan 10 2018,54202
Thu Jan 11 2018,54202
Fri Jan 12 2018,54202
Sat Jan 13 2018,54202
Sun Jan 14 2018,54202
Mon Jan 15 2018,54202
Tue Jan 16 2018,54202
Wed Jan 17 2018,54202
Thu Jan 18 2018,54202
Fri Jan 19 2018,54202
Sat Jan 20 2018,54196
Sun Jan 21 2018,54196
Mon Jan 22 2018,54196
Tue Jan 23 2018,54196
Wed Jan 24 2018,54196
Thu Jan 25 2018,54200
Fri Jan 26 2018,54200
Sat Jan 27 2018,54200
Sun Jan 28 2018,54200
Mon Jan 29 2018,54230
Tue Jan 30 2018,54230
Wed Jan 31 2018,54230
Thu Feb 01 2018,54230
Fri Feb 02 2018,54230
Sat Feb 03 2018,54233
Sun Feb 04 2018,54233
Mon Feb 05 2018,54233
Tue Feb 06 2018,54233
Wed Feb 07 2018,54233
Thu Feb 08 2018,54233
Fri Feb 09 2018,54233
Sat Feb 10 2018,54233
Sun Feb 11 2018,54233
Mon Feb 12 2018,54233
Tue Feb 13 2018,54233
Wed Feb 14 2018,54233
Thu Feb 15 2018,54219
Fri Feb 16 2018,54219
Sat Feb 17 2018,54219
Sun Feb 18 2018,54219
Mon Feb 19 2018,54219
Tue Feb 20 2018,54219
Wed Feb 21 2018,54422
Thu Feb 22 2018,54495
Fri Feb 23 2018,54507
Sat Feb 24 2018,54523
Sun Feb 25 2018,54523
Mon Feb 26 2018,54531
Tue Feb 27 2018,54531
Wed Feb 28 2018,54531
Thu Mar 01 2018,54531
Fri Mar 02 2018,54531
Sat Mar 03 2018,54531
Sun Mar 04 2018,54531
Mon Mar 05 2018,54531
Tue Mar 06 2018,54531
Wed Mar 07 2018,54519
Thu Mar 08 2018,54519
Fri Mar 09 2018,54519
Sat Mar 10 2018,54519
Sun Mar 11 2018,54519
Mon Mar 12 2018,54519
Tue Mar 13 2018,54519
Wed Mar 14 2018,54524
Thu Mar 15 2018,54564
Fri Mar 16 2018,54564
Sat Mar 17 2018,54582
Sun Mar 18 2018,54582
Mon Mar 19 2018,54582
Tue Mar 20 2018,54582
Wed Mar 21 2018,54606
Thu Mar 22 2018,54601
Fri Mar 23 2018,54601
Sat Mar 24 2018,54601
Sun Mar 25 2018,54601
Mon Mar 26 2018,54601
Tue Mar 27 2018,54601
Wed Mar 28 2018,54601
Thu Mar 29 2018,54601
Fri Mar 30 2018,54601
Sat Mar 31 2018,54601
Sun Apr 01 2018,54601
Mon Apr 02 2018,54601
Tue Apr 03 2018,54601
Wed Apr 04 2018,54664
Thu Apr 05 2018,54664
Fri Apr 06 2018,54664
Sat Apr 07 2018,54664
Sun Apr 08 2018,54664
Mon Apr 09 2018,54664
Tue Apr 10 2018,54700
Wed Apr 11 2018,54700
Thu Apr 12 2018,54700
Fri Apr 13 2018,54700
Sat Apr 14 2018,54720
Sun Apr 15 2018,54720
Mon Apr 16 2018,54720
Tue Apr 17 2018,54720
Wed Apr 18 2018,54720
Thu Apr 19 2018,54720
Fri Apr 20 2018,54720
Sat Apr 21 2018,55804
Sun Apr 22 2018,55804
Mon Apr 23 2018,55804
Tue Apr 24 2018,55812
Wed Apr 25 2018,55812
Thu Apr 26 2018,55812
Fri Apr 27 2018,55812
Sat Apr 28 2018,55812
Sun Apr 29 2018,55812
Mon Apr 30 2018,55829
Tue May 01 2018,55829
Wed May 02 2018,55955
Thu May 03 2018,55993
Fri May 04 2018,55993
Sat May 05 2018,56416
Sun May 06 2018,56416
Mon May 07 2018,56411
Tue May 08 2018,56411
Wed May 09 2018,56411
Thu May 10 2018,56411
Fri May 11 2018,56414
Sat May 12 2018,56414
Sun May 13 2018,56414
Mon May 14 2018,56412
Tue May 15 2018,56419
Wed May 16 2018,56419
Thu May 17 2018,56406
Fri May 18 2018,56406
Sat May 19 2018,56408
Sun May 20 2018,56417
Mon May 21 2018,56417
Tue May 22 2018,56417
Wed May 23 2018,56441
Thu May 24 2018,56439
Fri May 25 2018,56439
Sat May 26 2018,56439
Sun May 27 2018,56454
Mon May 28 2018,56463
Tue May 29 2018,56463
Wed May 30 2018,56463
Thu May 31 2018,56463
Fri Jun 01 2018,56463
Sat Jun 02 2018,56463
Sun Jun 03 2018,56459
Mon Jun 04 2018,56459
Tue Jun 05 2018,56465
Wed Jun 06 2018,56505
Thu Jun 07 2018,56505
Fri Jun 08 2018,56476
Sat Jun 09 2018,56479
Sun Jun 10 2018,56479
Mon Jun 11 2018,56479
Tue Jun 12 2018,56486
Wed Jun 13 2018,56486
Thu Jun 14 2018,56486
Fri Jun 15 2018,56486
Sat Jun 16 2018,56481
Sun Jun 17 2018,56481
Mon Jun 18 2018,56481
Tue Jun 19 2018,56481
Wed Jun 20 2018,56481
Thu Jun 21 2018,56481
Fri Jun 22 2018,56524
Sat Jun 23 2018,56524
Sun Jun 24 2018,56524
Mon Jun 25 2018,56524
Tue Jun 26 2018,56524
Wed Jun 27 2018,56524
Thu Jun 28 2018,56524
Fri Jun 29 2018,56524
Sat Jun 30 2018,57053
Sun Jul 01 2018,57182
Mon Jul 02 2018,57182
Tue Jul 03 2018,57182
Wed Jul 04 2018,57182
Thu Jul 05 2018,57182
Fri Jul 06 2018,57182
Sat Jul 07 2018,57182
Sun Jul 08 2018,57207
Mon Jul 09 2018,57207
Tue Jul 10 2018,57207
Wed Jul 11 2018,57207
Thu Jul 12 2018,57204
Fri Jul 13 2018,57204
Sat Jul 14 2018,57270
Sun Jul 15 2018,57270
Mon Jul 16 2018,57270
Tue Jul 17 2018,57270
Wed Jul 18 2018,57270
Thu Jul 19 2018,57270
Fri Jul 20 2018,57270
Sat Jul 21 2018,57270
Sun Jul 22 2018,57307
Mon Jul 23 2018,57309
Tue Jul 24 2018,57307
Wed Jul 25 2018,57307
Thu Jul 26 2018,57310
Fri Jul 27 2018,57290
Sat Jul 28 2018,57290
Sun Jul 29 2018,57290
Mon Jul 30 2018,57290
Tue Jul 31 2018,57290
Wed Aug 01 2018,57290
Thu Aug 02 2018,57290
Fri Aug 03 2018,57159
Sat Aug 04 2018,57159
Sun Aug 05 2018,57159
Mon Aug 06 2018,57159
Tue Aug 07 2018,57159
Wed Aug 08 2018,57159
Thu Aug 09 2018,57283
Fri Aug 10 2018,57363
Sat Aug 11 2018,57363
Sun Aug 12 2018,57363
Mon Aug 13 2018,57363
Tue Aug 14 2018,57494
Wed Aug 15 2018,57494
Thu Aug 16 2018,57494
Fri Aug 17 2018,57596
Sat Aug 18 2018,57613
Sun Aug 19 2018,57613
Mon Aug 20 2018,57613
Tue Aug 21 2018,57586
Wed Aug 22 2018,57626
Thu Aug 23 2018,57626
Fri Aug 24 2018,57693
Sat Aug 25 2018,57693
Sun Aug 26 2018,57693
Mon Aug 27 2018,57763
Tue Aug 28 2018,57763
Wed Aug 29 2018,57763
Thu Aug 30 2018,57763
Fri Aug 31 2018,57763
Sat Sep 01 2018,57763
Sun Sep 02 2018,57763
Mon Sep 03 2018,57763
Tue Sep 04 2018,57763
Wed Sep 05 2018,57933
Thu Sep 06 2018,58439
Fri Sep 07 2018,58439
Sat Sep 08 2018,58439
Sun Sep 09 2018,58439
Mon Sep 10 2018,58439
Tue Sep 11 2018,58431
Wed Sep 12 2018,58431
Thu Sep 13 2018,58431
Fri Sep 14 2018,58537
Sat Sep 15 2018,58537
Sun Sep 16 2018,58537
Mon Sep 17 2018,58537
Tue Sep 18 2018,58546
Wed Sep 19 2018,58546
Thu Sep 20 2018,58546
Fri Sep 21 2018,58844
Sat Sep 22 2018,58844
Sun Sep 23 2018,58865
Mon Sep 24 2018,58866
Tue Sep 25 2018,58866
Wed Sep 26 2018,58866
Thu Sep 27 2018,58866
Fri Sep 28 2018,58866
Sat Sep 29 2018,58866
Sun Sep 30 2018,58866
Mon Oct 01 2018,58868
Tue Oct 02 2018,58868
Wed Oct 03 2018,58868
Thu Oct 04 2018,58868
Fri Oct 05 2018,58868
Sat Oct 06 2018,58868
Sun Oct 07 2018,58868
Mon Oct 08 2018,58868
Tue Oct 09 2018,58868
Wed Oct 10 2018,58868
Thu Oct 11 2018,58868
Fri Oct 12 2018,58868
Sat Oct 13 2018,58868
Sun Oct 14 2018,58868
Mon Oct 15 2018,58868
Tue Oct 16 2018,58868
Wed Oct 17 2018,58868
Thu Oct 18 2018,58862
Fri Oct 19 2018,58862
Sat Oct 20 2018,58865
Sun Oct 21 2018,58865
Mon Oct 22 2018,58929
Tue Oct 23 2018,58929
Wed Oct 24 2018,58929
Thu Oct 25 2018,58929
Fri Oct 26 2018,58929
Sat Oct 27 2018,58929
Sun Oct 28 2018,58929
Mon Oct 29 2018,58929
Tue Oct 30 2018,58929
Wed Oct 31 2018,58960
Thu Nov 01 2018,58960
Fri Nov 02 2018,58960
Sat Nov 03 2018,58974
Sun Nov 04 2018,58974
Mon Nov 05 2018,58974
Tue Nov 06 2018,58974
Wed Nov 07 2018,58974
Thu Nov 08 2018,58974
Fri Nov 09 2018,58965
Sat Nov 10 2018,58965
Sun Nov 11 2018,58965
Mon Nov 12 2018,58965
Tue Nov 13 2018,58917
Wed Nov 14 2018,58917
Thu Nov 15 2018,58918
Fri Nov 16 2018,58974
Sat Nov 17 2018,58974
Sun Nov 18 2018,59053
Mon Nov 19 2018,59053
Tue Nov 20 2018,59053
Wed Nov 21 2018,59053
Thu Nov 22 2018,59083
Fri Nov 23 2018,59083
Sat Nov 24 2018,59083
Sun Nov 25 2018,59083
Mon Nov 26 2018,59078
Tue Nov 27 2018,59078
Wed Nov 28 2018,59078
Thu Nov 29 2018,59078
Fri Nov 30 2018,59078
Sat Dec 01 2018,59078
Sun Dec 02 2018,59078
Mon Dec 03 2018,59078
Tue Dec 04 2018,59091
Wed Dec 05 2018,59091
Thu Dec 06 2018,59158
Fri Dec 07 2018,59158
Sat Dec 08 2018,59160
Sun Dec 09 2018,59160
Mon Dec 10 2018,59241
Tue Dec 11 2018,59259
Wed Dec 12 2018,59259
Thu Dec 13 2018,59259
Fri Dec 14 2018,59259
Sat Dec 15 2018,59259
Sun Dec 16 2018,59259
Mon Dec 17 2018,59259
Tue Dec 18 2018,59259
Wed Dec 19 2018,59259
Thu Dec 20 2018,59259
Fri Dec 21 2018,59259
Sat Dec 22 2018,59259
Sun Dec 23 2018,59259
Mon Dec 24 2018,59259
Tue Dec 25 2018,59259
Wed Dec 26 2018,59259
Thu Dec 27 2018,59259
Fri Dec 28 2018,59267
Sat Dec 29 2018,59267
Sun Dec 30 2018,59267
Mon Dec 31 2018,59267
Tue Jan 01 2019,59267
Wed Jan 02 2019,59267
Thu Jan 03 2019,59375
Fri Jan 04 2019,59375
Sat Jan 05 2019,59375
Sun Jan 06 2019,59371
Mon Jan 07 2019,59372
Tue Jan 08 2019,59372
Wed Jan 09 2019,59372
Thu Jan 10 2019,59372
Fri Jan 11 2019,59372
Sat Jan 12 2019,59363
Sun Jan 13 2019,59363
Mon Jan 14 2019,59363
Tue Jan 15 2019,59363
Wed Jan 16 2019,59363
Thu Jan 17 2019,59363
Fri Jan 18 2019,59363
Sat Jan 19 2019,59363
Sun Jan 20 2019,59449
Mon Jan 21 2019,59449
Tue Jan 22 2019,59449
Wed Jan 23 2019,59449
Thu Jan 24 2019,59449
Fri Jan 25 2019,59441
Sat Jan 26 2019,59441
Sun Jan 27 2019,59441
Mon Jan 28 2019,59441
Tue Jan 29 2019,59441
Wed Jan 30 2019,59441
Thu Jan 31 2019,59441
Fri Feb 01 2019,59430
Sat Feb 02 2019,59430
Sun Feb 03 2019,59430
Mon Feb 04 2019,59430
Tue Feb 05 2019,59430
Wed Feb 06 2019,59502
Thu Feb 07 2019,59502
Fri Feb 08 2019,59502
Sat Feb 09 2019,59559
Sun Feb 10 2019,59559
Mon Feb 11 2019,59559
Tue Feb 12 2019,59559
Wed Feb 13 2019,59624
Thu Feb 14 2019,59624
Fri Feb 15 2019,59624
Sat Feb 16 2019,59624
Sun Feb 17 2019,59624
Mon Feb 18 2019,59624
Tue Feb 19 2019,59650
Wed Feb 20 2019,59650
Thu Feb 21 2019,59650
Fri Feb 22 2019,59652
Sat Feb 23 2019,59652
Sun Feb 24 2019,59653
Mon Feb 25 2019,59653
Tue Feb 26 2019,59653
Wed Feb 27 2019,59653
Thu Feb 28 2019,59705
Fri Mar 01 2019,59705
Sat Mar 02 2019,59864
Sun Mar 03 2019,59864
Mon Mar 04 2019,59864
Tue Mar 05 2019,59851
Wed Mar 06 2019,59895
Thu Mar 07 2019,59895
Fri Mar 08 2019,59895
Sat Mar 09 2019,59887
Sun Mar 10 2019,59887
Mon Mar 11 2019,59879
Tue Mar 12 2019,59879
Wed Mar 13 2019,59879
Thu Mar 14 2019,59879
Fri Mar 15 2019,59879
Sat Mar 16 2019,59876
Sun Mar 17 2019,59876
Mon Mar 18 2019,59876
Tue Mar 19 2019,59876
Wed Mar 20 2019,59876
Thu Mar 21 2019,59876
Fri Mar 22 2019,59876
Sat Mar 23 2019,59877
Sun Mar 24 2019,59877
Mon Mar 25 2019,60075
Tue Mar 26 2019,60115
Wed Mar 27 2019,60114
Thu Mar 28 2019,60114
Fri Mar 29 2019,60152
Sat Mar 30 2019,60152
Sun Mar 31 2019,60150
Mon Apr 01 2019,60465
Tue Apr 02 2019,60349
Wed Apr 03 2019,60349
Thu Apr 04 2019,60349
Fri Apr 05 2019,60349
Sat Apr 06 2019,60137
Sun Apr 07 2019,60110
Mon Apr 08 2019,60110
Tue Apr 09 2019,60367
Wed Apr 10 2019,60367
Thu Apr 11 2019,60577
Fri Apr 12 2019,60570
Sat Apr 13 2019,60570
Sun Apr 14 2019,60570
Mon Apr 15 2019,60570
Tue Apr 16 2019,60570
Wed Apr 17 2019,60567
Thu Apr 18 2019,60567
Fri Apr 19 2019,60543
Sat Apr 20 2019,60543
Sun Apr 21 2019,60582
Mon Apr 22 2019,60582
Tue Apr 23 2019,60582
Wed Apr 24 2019,60649
Thu Apr 25 2019,60649
Fri Apr 26 2019,60649
Sat Apr 27 2019,60649
Sun Apr 28 2019,60649
Mon Apr 29 2019,60678
Tue Apr 30 2019,60730
Wed May 01 2019,60730
Thu May 02 2019,60876
Fri May 03 2019,60875
Sat May 04 2019,60909
Sun May 05 2019,60909
Mon May 06 2019,60909
Tue May 07 2019,60951
Wed May 08 2019,60951
Thu May 09 2019,61026
Fri May 10 2019,61298
Sat May 11 2019,61298
Sun May 12 2019,61298
Mon May 13 2019,61298
Tue May 14 2019,61310
Wed May 15 2019,61314
Thu May 16 2019,61334
Fri May 17 2019,61334
Sat May 18 2019,61334
Sun May 19 2019,61334
Mon May 20 2019,61334
Tue May 21 2019,61343
Wed May 22 2019,61343
Thu May 23 2019,61613
Fri May 24 2019,61613
Sat May 25 2019,61666
Sun May 26 2019,61667
Mon May 27 2019,61667
Tue May 28 2019,61705
Wed May 29 2019,61705
Thu May 30 2019,61705
Fri May 31 2019,62610
Sat Jun 01 2019,62610
Sun Jun 02 2019,62610
Mon Jun 03 2019,62610
Tue Jun 04 2019,62610
Wed Jun 05 2019,62610
Thu Jun 06 2019,62640
Fri Jun 07 2019,62612
Sat Jun 08 2019,62612
Sun Jun 09 2019,62612
Mon Jun 10 2019,62612
Tue Jun 11 2019,62601
Wed Jun 12 2019,63065
Thu Jun 13 2019,63065
Fri Jun 14 2019,63130
Sat Jun 15 2019,63130
Sun Jun 16 2019,63130
Mon Jun 17 2019,63130
Tue Jun 18 2019,63157
Wed Jun 19 2019,63157
Thu Jun 20 2019,63157
Fri Jun 21 2019,63169
Sat Jun 22 2019,63169
Sun Jun 23 2019,63189
Mon Jun 24 2019,63189
Tue Jun 25 2019,63189
Wed Jun 26 2019,63209
Thu Jun 27 2019,63211
Fri Jun 28 2019,63231
Sat Jun 29 2019,63228
Sun Jun 30 2019,63228
Mon Jul 01 2019,63228
Tue Jul 02 2019,63329
Wed Jul 03 2019,63329
Thu Jul 04 2019,63329
Fri Jul 05 2019,63902
Sat Jul 06 2019,63902
Sun Jul 07 2019,63902
Mon Jul 08 2019,63902
Tue Jul 09 2019,63902
Wed Jul 10 2019,63964
Thu Jul 11 2019,63964
Fri Jul 12 2019,63531
Sat Jul 13 2019,63531
Sun Jul 14 2019,63882
Mon Jul 15 2019,63999
Tue Jul 16 2019,63999
Wed Jul 17 2019,63999
Thu Jul 18 2019,63999
Fri Jul 19 2019,64030
Sat Jul 20 2019,64030
Sun Jul 21 2019,64030
Mon Jul 22 2019,64030
Tue Jul 23 2019,64068
Wed Jul 24 2019,64796
Thu Jul 25 2019,64796
Fri Jul 26 2019,64818
Sat Jul 27 2019,65134
Sun Jul 28 2019,65134
Mon Jul 29 2019,65134
Tue Jul 30 2019,65123
Wed Jul 31 2019,65123
Thu Aug 01 2019,65042
Fri Aug 02 2019,65059
Sat Aug 03 2019,65059
Sun Aug 04 2019,65044
Mon Aug 05 2019,65044
Tue Aug 06 2019,65567
Wed Aug 07 2019,65567
Thu Aug 08 2019,65567
Fri Aug 09 2019,65597
Sat Aug 10 2019,66618
Sun Aug 11 2019,66618
Mon Aug 12 2019,66618
Tue Aug 13 2019,66618
Wed Aug 14 2019,66649
Thu Aug 15 2019,66655
Fri Aug 16 2019,66655
Sat Aug 17 2019,66909
Sun Aug 18 2019,66909
Mon Aug 19 2019,66909
Tue Aug 20 2019,66862
Wed Aug 21 2019,66862
Thu Aug 22 2019,67004
Fri Aug 23 2019,67004
Sat Aug 24 2019,67004
Sun Aug 25 2019,67004
Mon Aug 26 2019,67060
Tue Aug 27 2019,66425
Wed Aug 28 2019,66409
Thu Aug 29 2019,66637
Fri Aug 30 2019,66629
Sat Aug 31 2019,66629
Sun Sep 01 2019,66629
Mon Sep 02 2019,66795
Tue Sep 03 2019,66859
Wed Sep 04 2019,66993
Thu Sep 05 2019,66993
Fri Sep 06 2019,67198
Sat Sep 07 2019,67198
Sun Sep 08 2019,67198
Mon Sep 09 2019,67198
Tue Sep 10 2019,67289
Wed Sep 11 2019,67270
Thu Sep 12 2019,67270
Fri Sep 13 2019,68542
Sat Sep 14 2019,68542
Sun Sep 15 2019,68602
Mon Sep 16 2019,68602
Tue Sep 17 2019,68697
Wed Sep 18 2019,68662
Thu Sep 19 2019,68662
Fri Sep 20 2019,68662
Sat Sep 21 2019,68662
Sun Sep 22 2019,68662
Mon Sep 23 2019,68662
Tue Sep 24 2019,68662
Wed Sep 25 2019,68662
Thu Sep 26 2019,68761
Fri Sep 27 2019,68761
Sat Sep 28 2019,68753
Sun Sep 29 2019,68749
Mon Sep 30 2019,68749
Tue Oct 01 2019,68862
Wed Oct 02 2019,68572
Thu Oct 03 2019,68716
Fri Oct 04 2019,68732
Sat Oct 05 2019,68732
Sun Oct 06 2019,68732
Mon Oct 07 2019,68732
Tue Oct 08 2019,68731
Wed Oct 09 2019,68731
Thu Oct 10 2019,68731
Fri Oct 11 2019,68731
Sat Oct 12 2019,68775
Sun Oct 13 2019,68775
Mon Oct 14 2019,68800
Tue Oct 15 2019,68800
Wed Oct 16 2019,68800
Thu Oct 17 2019,68800
Fri Oct 18 2019,68820
Sat Oct 19 2019,68820
Sun Oct 20 2019,69019
Mon Oct 21 2019,69019
Tue Oct 22 2019,69089
Wed Oct 23 2019,69103
Thu Oct 24 2019,69103
Fri Oct 25 2019,68842
Sat Oct 26 2019,68753
Sun Oct 27 2019,68753
Mon Oct 28 2019,68776
Tue Oct 29 2019,69211
Wed Oct 30 2019,69484
Thu Oct 31 2019,69696
Fri Nov 01 2019,69902
Sat Nov 02 2019,69902
Sun Nov 03 2019,70270
Mon Nov 04 2019,70429
Tue Nov 05 2019,70550
Wed Nov 06 2019,70550
Thu Nov 07 2019,70647
Fri Nov 08 2019,70647
Sat Nov 09 2019,70741
Sun Nov 10 2019,70741
Mon Nov 11 2019,70741
Tue Nov 12 2019,70820
Wed Nov 13 2019,70820
Thu Nov 14 2019,70899
Fri Nov 15 2019,70899
Sat Nov 16 2019,70899
Sun Nov 17 2019,70899
Mon Nov 18 2019,70898
Tue Nov 19 2019,70905
Wed Nov 20 2019,70905
Thu Nov 21 2019,70905
Fri Nov 22 2019,70905
Sat Nov 23 2019,70979
Sun Nov 24 2019,71029
Mon Nov 25 2019,71041
Tue Nov 26 2019,71118
Wed Nov 27 2019,71118
Thu Nov 28 2019,71118
Fri Nov 29 2019,71118
Sat Nov 30 2019,71118
Sun Dec 01 2019,71118
Mon Dec 02 2019,71118
Tue Dec 03 2019,71118
Wed Dec 04 2019,71114
Thu Dec 05 2019,71114
Fri Dec 06 2019,71105
Sat Dec 07 2019,71128
Sun Dec 08 2019,71172
Mon Dec 09 2019,71172
Tue Dec 10 2019,71172
Wed Dec 11 2019,71172
Thu Dec 12 2019,71172
Fri Dec 13 2019,71236
Sat Dec 14 2019,71236
Sun Dec 15 2019,69065
Mon Dec 16 2019,69062
Tue Dec 17 2019,68551
Wed Dec 18 2019,68400
Thu Dec 19 2019,68805
Fri Dec 20 2019,68805
Sat Dec 21 2019,68805
Sun Dec 22 2019,68970
Mon Dec 23 2019,68970
Tue Dec 24 2019,68553
Wed Dec 25 2019,68924
Thu Dec 26 2019,68924
Fri Dec 27 2019,68920
Sat Dec 28 2019,68920
Sun Dec 29 2019,69012
Mon Dec 30 2019,69072
Tue Dec 31 2019,68979
Wed Jan 01 2020,68979
Thu Jan 02 2020,69026
Fri Jan 03 2020,69011
Sat Jan 04 2020,69011
Sun Jan 05 2020,69011
Mon Jan 06 2020,69451
Tue Jan 07 2020,69451
Wed Jan 08 2020,69456
Thu Jan 09 2020,69572
Fri Jan 10 2020,69572
Sat Jan 11 2020,69577
Sun Jan 12 2020,69577
Mon Jan 13 2020,69577
Tue Jan 14 2020,69577
Wed Jan 15 2020,69577
Thu Jan 16 2020,70108
Fri Jan 17 2020,70108
Sat Jan 18 2020,70108
Sun Jan 19 2020,70404
Mon Jan 20 2020,70402
Tue Jan 21 2020,70770
Wed Jan 22 2020,70770
Thu Jan 23 2020,70897
Fri Jan 24 2020,70998
Sat Jan 25 2020,71196
Sun Jan 26 2020,71196
Mon Jan 27 2020,71196
Tue Jan 28 2020,71344
Wed Jan 29 2020,70208
Thu Jan 30 2020,70486
Fri Jan 31 2020,70486
Sat Feb 01 2020,70486
Sun Feb 02 2020,70486
Mon Feb 03 2020,70486
Tue Feb 04 2020,70486
Wed Feb 05 2020,70486
Thu Feb 06 2020,70486
Fri Feb 07 2020,70490
Sat Feb 08 2020,70490
Sun Feb 09 2020,70490
Mon Feb 10 2020,70490
Tue Feb 11 2020,70490
Wed Feb 12 2020,70490
Thu Feb 13 2020,70490
Fri Feb 14 2020,70737
Sat Feb 15 2020,70737
Sun Feb 16 2020,70737
Mon Feb 17 2020,70737
Tue Feb 18 2020,70737
Wed Feb 19 2020,70737
Thu Feb 20 2020,70776
Fri Feb 21 2020,71847
Sat Feb 22 2020,71847
Sun Feb 23 2020,71847
Mon Feb 24 2020,71847
Tue Feb 25 2020,71847
Wed Feb 26 2020,71845
Thu Feb 27 2020,71845
Fri Feb 28 2020,71882
Sat Feb 29 2020,71882
Sun Mar 01 2020,71882
Mon Mar 02 2020,71670
Tue Mar 03 2020,71670
Wed Mar 04 2020,71736
Thu Mar 05 2020,71736
Fri Mar 06 2020,71736
Sat Mar 07 2020,71736
Sun Mar 08 2020,71818
Mon Mar 09 2020,71818
Tue Mar 10 2020,71797
Wed Mar 11 2020,71817
Thu Mar 12 2020,71817
Fri Mar 13 2020,71817
Sat Mar 14 2020,71817
Sun Mar 15 2020,71812
Mon Mar 16 2020,71817
Tue Mar 17 2020,71841
Wed Mar 18 2020,71841
Thu Mar 19 2020,71841
Fri Mar 20 2020,71841
Sat Mar 21 2020,71841
Sun Mar 22 2020,71841
Mon Mar 23 2020,71841
Tue Mar 24 2020,71856
Wed Mar 25 2020,71881
Thu Mar 26 2020,71883
Fri Mar 27 2020,71883
Sat Mar 28 2020,71883
Sun Mar 29 2020,71883
Mon Mar 30 2020,71883
Tue Mar 31 2020,71948
Wed Apr 01 2020,72256
Thu Apr 02 2020,72256
Fri Apr 03 2020,72268
Sat Apr 04 2020,72268
Sun Apr 05 2020,72540
Mon Apr 06 2020,72539
Tue Apr 07 2020,72539
Wed Apr 08 2020,72539
Thu Apr 09 2020,72539
Fri Apr 10 2020,72539
Sat Apr 11 2020,72637
Sun Apr 12 2020,72637
Mon Apr 13 2020,72637
Tue Apr 14 2020,72637
Wed Apr 15 2020,72672
Thu Apr 16 2020,72672
Fri Apr 17 2020,72679
Sat Apr 18 2020,72679
Sun Apr 19 2020,72679
Mon Apr 20 2020,72679
Tue Apr 21 2020,72760
Wed Apr 22 2020,72760
Thu Apr 23 2020,72885
Fri Apr 24 2020,72885
Sat Apr 25 2020,72885
Sun Apr 26 2020,72587
Mon Apr 27 2020,72587
Tue Apr 28 2020,72587
Wed Apr 29 2020,72701
Thu Apr 30 2020,72701
Fri May 01 2020,72732
Sat May 02 2020,72895
Sun May 03 2020,73000
Mon May 04 2020,73000
Tue May 05 2020,73000
Wed May 06 2020,73000
Thu May 07 2020,73000
Fri May 08 2020,73015
Sat May 09 2020,73015
Sun May 10 2020,73003
Mon May 11 2020,73003
Tue May 12 2020,73003
Wed May 13 2020,73003
Thu May 14 2020,73003
Fri May 15 2020,73003
Sat May 16 2020,72805
Sun May 17 2020,72760
Mon May 18 2020,72760
Tue May 19 2020,72758
Wed May 20 2020,72748
Thu May 21 2020,72719
Fri May 22 2020,72947
Sat May 23 2020,72947
Sun May 24 2020,72977
Mon May 25 2020,72977
Tue May 26 2020,72977
Wed May 27 2020,72977
Thu May 28 2020,72950
Fri May 29 2020,72265
Sat May 30 2020,72325
Sun May 31 2020,72238
Mon Jun 01 2020,72238
Tue Jun 02 2020,72508
Wed Jun 03 2020,72508
Thu Jun 04 2020,72508
Fri Jun 05 2020,72527
Sat Jun 06 2020,72527
Sun Jun 07 2020,72527
Mon Jun 08 2020,72522
Tue Jun 09 2020,72522
Wed Jun 10 2020,72522
Thu Jun 11 2020,72522
Fri Jun 12 2020,72522
Sat Jun 13 2020,72512
Sun Jun 14 2020,72512
Mon Jun 15 2020,72549
Tue Jun 16 2020,72549
Wed Jun 17 2020,72549
Thu Jun 18 2020,72550
Fri Jun 19 2020,72597
Sat Jun 20 2020,72669
Sun Jun 21 2020,72669
Mon Jun 22 2020,72424
Tue Jun 23 2020,72436
Wed Jun 24 2020,72658
Thu Jun 25 2020,72658
Fri Jun 26 2020,72759
Sat Jun 27 2020,72769
Sun Jun 28 2020,72787
Mon Jun 29 2020,72787
Tue Jun 30 2020,72787
Wed Jul 01 2020,72787
Thu Jul 02 2020,72787
Fri Jul 03 2020,72812
Sat Jul 04 2020,72847
Sun Jul 05 2020,72847
Mon Jul 06 2020,72857
Tue Jul 07 2020,72857
Wed Jul 08 2020,72857
Thu Jul 09 2020,72857
Fri Jul 10 2020,72857
Sat Jul 11 2020,72857
Sun Jul 12 2020,72857
Mon Jul 13 2020,72857
Tue Jul 14 2020,72857
Wed Jul 15 2020,72857
Thu Jul 16 2020,72857
Fri Jul 17 2020,72857
Sat Jul 18 2020,72857
Sun Jul 19 2020,72865
Mon Jul 20 2020,72865
Tue Jul 21 2020,72865
Wed Jul 22 2020,72865
Thu Jul 23 2020,72865
Fri Jul 24 2020,72865
Sat Jul 25 2020,72865
Sun Jul 26 2020,72257
Mon Jul 27 2020,72266
Tue Jul 28 2020,72348
Wed Jul 29 2020,72166
Thu Jul 30 2020,72166
Fri Jul 31 2020,72165
Sat Aug 01 2020,72186
Sun Aug 02 2020,72186
Mon Aug 03 2020,72186
Tue Aug 04 2020,72186
Wed Aug 05 2020,72185
Thu Aug 06 2020,72185
Fri Aug 07 2020,71610
Sat Aug 08 2020,71610
Sun Aug 09 2020,71607
Mon Aug 10 2020,71607
Tue Aug 11 2020,71621
Wed Aug 12 2020,71694
Thu Aug 13 2020,71680
Fri Aug 14 2020,71680
Sat Aug 15 2020,72083
Sun Aug 16 2020,72083
Mon Aug 17 2020,72083
Tue Aug 18 2020,72083
Wed Aug 19 2020,72075
Thu Aug 20 2020,72064
Fri Aug 21 2020,72068
Sat Aug 22 2020,72277
Sun Aug 23 2020,72277
Mon Aug 24 2020,72259
Tue Aug 25 2020,72237
Wed Aug 26 2020,72237
Thu Aug 27 2020,72255
Fri Aug 28 2020,72255
Sat Aug 29 2020,72263
Sun Aug 30 2020,72263
Mon Aug 31 2020,72261
Tue Sep 01 2020,72261
Wed Sep 02 2020,72050
Thu Sep 03 2020,72050
Fri Sep 04 2020,72051
Sat Sep 05 2020,72048
Sun Sep 06 2020,72048
Mon Sep 07 2020,72270
Tue Sep 08 2020,72270
Wed Sep 09 2020,72024
Thu Sep 10 2020,72024
Fri Sep 11 2020,71977
Sat Sep 12 2020,71532
Sun Sep 13 2020,71529
Mon Sep 14 2020,71529
Tue Sep 15 2020,71529
Wed Sep 16 2020,71529
Thu Sep 17 2020,71531
Fri Sep 18 2020,71625
Sat Sep 19 2020,71625
Sun Sep 20 2020,71625
Mon Sep 21 2020,71625
Tue Sep 22 2020,71595
Wed Sep 23 2020,71609
Thu Sep 24 2020,71609
Fri Sep 25 2020,71609
Sat Sep 26 2020,71609
Sun Sep 27 2020,71634
Mon Sep 28 2020,71634
Tue Sep 29 2020,71634
Wed Sep 30 2020,71634
Thu Oct 01 2020,71634
Fri Oct 02 2020,71783
Sat Oct 03 2020,75318
Sun Oct 04 2020,75890
Mon Oct 05 2020,76501
Tue Oct 06 2020,77315
Wed Oct 07 2020,77461
Thu Oct 08 2020,77598
Fri Oct 09 2020,77619
Sat Oct 10 2020,77628
Sun Oct 11 2020,77632
Mon Oct 12 2020,77501
Tue Oct 13 2020,77880
Wed Oct 14 2020,77875
Thu Oct 15 2020,77950
Fri Oct 16 2020,77950
Sat Oct 17 2020,77953
Sun Oct 18 2020,77961
Mon Oct 19 2020,78320
Tue Oct 20 2020,77906
Wed Oct 21 2020,78500
Thu Oct 22 2020,78767
Fri Oct 23 2020,79472
Sat Oct 24 2020,79566
Sun Oct 25 2020,81270
Mon Oct 26 2020,86574
Tue Oct 27 2020,86706
Wed Oct 28 2020,87125
Thu Oct 29 2020,87223
Fri Oct 30 2020,87238
Sat Oct 31 2020,87786
Sun Nov 01 2020,87796
Mon Nov 02 2020,87991
Tue Nov 03 2020,87610
Wed Nov 04 2020,88238
Thu Nov 05 2020,88488
Fri Nov 06 2020,88696
Sat Nov 07 2020,88912
Sun Nov 08 2020,88915
Mon Nov 09 2020,88834
Tue Nov 10 2020,88813
Wed Nov 11 2020,89397
Thu Nov 12 2020,89588
Fri Nov 13 2020,89652
Sat Nov 14 2020,90751
Sun Nov 15 2020,90751
Mon Nov 16 2020,90751
Tue Nov 17 2020,91041
Wed Nov 18 2020,91266
Thu Nov 19 2020,91227
Fri Nov 20 2020,91388
Sat Nov 21 2020,91682
Sun Nov 22 2020,91764
Mon Nov 23 2020,91803
Tue Nov 24 2020,91612
Wed Nov 25 2020,91608
Thu Nov 26 2020,91823
Fri Nov 27 2020,91872
Sat Nov 28 2020,91626
Sun Nov 29 2020,91840
Mon Nov 30 2020,91868
Tue Dec 01 2020,91668
Wed Dec 02 2020,91647
Thu Dec 03 2020,91850
Fri Dec 04 2020,91850
Sat Dec 05 2020,91850
Sun Dec 06 2020,92014
Mon Dec 07 2020,91786
Tue Dec 08 2020,91982
Wed Dec 09 2020,92211
Thu Dec 10 2020,92272
Fri Dec 11 2020,92248
Sat Dec 12 2020,92186
Sun Dec 13 2020,92606
Mon Dec 14 2020,92676
Tue Dec 15 2020,92692
Wed Dec 16 2020,92797
Thu Dec 17 2020,92972
Fri Dec 18 2020,92988
Sat Dec 19 2020,93117
Sun Dec 20 2020,93242
Mon Dec 21 2020,93394
Tue Dec 22 2020,93297
Wed Dec 23 2020,93549
Thu Dec 24 2020,93678
Fri Dec 25 2020,93710
Sat Dec 26 2020,93758
Sun Dec 27 2020,93779
Mon Dec 28 2020,93956
Tue Dec 29 2020,94067
Wed Dec 30 2020,94163
Thu Dec 31 2020,94421
Fri Jan 01 2021,94421
Sat Jan 02 2021,94489
Sun Jan 03 2021,94560
Mon Jan 04 2021,94566
Tue Jan 05 2021,94561
Wed Jan 06 2021,94565
Thu Jan 07 2021,94606
Fri Jan 08 2021,94633
Sat Jan 09 2021,94632
Sun Jan 10 2021,94577
Mon Jan 11 2021,94558
Tue Jan 12 2021,94598
Wed Jan 13 2021,94705
Thu Jan 14 2021,94756
Fri Jan 15 2021,94825
Sat Jan 16 2021,94942
Sun Jan 17 2021,94936
Mon Jan 18 2021,95049
Tue Jan 19 2021,95065
Wed Jan 20 2021,95147
Thu Jan 21 2021,95287
Fri Jan 22 2021,95360
Sat Jan 23 2021,95400
Sun Jan 24 2021,95477
Mon Jan 25 2021,95727
Tue Jan 26 2021,95803
Wed Jan 27 2021,95833
Thu Jan 28 2021,96261
Fri Jan 29 2021,96215
Sat Jan 30 2021,96429
Sun Jan 31 2021,96546
Mon Feb 01 2021,96449
Tue Feb 02 2021,96520
Wed Feb 03 2021,96613
Thu Feb 04 2021,96772
Fri Feb 05 2021,96968
Sat Feb 06 2021,96967
Sun Feb 07 2021,97094
Mon Feb 08 2021,97105
Tue Feb 09 2021,97074
Wed Feb 10 2021,97256
Thu Feb 11 2021,97347
Fri Feb 12 2021,97645
Sat Feb 13 2021,97732
Sun Feb 14 2021,97776
Mon Feb 15 2021,97806
Tue Feb 16 2021,97794
Wed Feb 17 2021,98162
Thu Feb 18 2021,98317
Fri Feb 19 2021,98461
Sat Feb 20 2021,98504
Sun Feb 21 2021,98552
Mon Feb 22 2021,98714
Tue Feb 23 2021,99198
Wed Feb 24 2021,99345
Thu Feb 25 2021,99822
Fri Feb 26 2021,100124
Sat Feb 27 2021,100460
Sun Feb 28 2021,100707
Mon Mar 01 2021,100852
Tue Mar 02 2021,101256
Wed Mar 03 2021,101454
Thu Mar 04 2021,101549
Fri Mar 05 2021,101720
Sat Mar 06 2021,101737
Sun Mar 07 2021,101784
Mon Mar 08 2021,101786
Tue Mar 09 2021,101972
Wed Mar 10 2021,102208
Thu Mar 11 2021,102169
Fri Mar 12 2021,102256
Sat Mar 13 2021,102256
Sun Mar 14 2021,102330
Mon Mar 15 2021,102618
Tue Mar 16 2021,102632
Wed Mar 17 2021,102730
Thu Mar 18 2021,102964
Fri Mar 19 2021,103040
Sat Mar 20 2021,103065
Sun Mar 21 2021,103276
Mon Mar 22 2021,103431
Tue Mar 23 2021,103765
Wed Mar 24 2021,103927
Thu Mar 25 2021,103854
Fri Mar 26 2021,103952
Sat Mar 27 2021,104038
Sun Mar 28 2021,104151
Mon Mar 29 2021,104231
Tue Mar 30 2021,104266
Wed Mar 31 2021,104446
Thu Apr 01 2021,104761
Fri Apr 02 2021,104788
Sat Apr 03 2021,104868
Sun Apr 04 2021,104834
Mon Apr 05 2021,104848
Tue Apr 06 2021,104905
Wed Apr 07 2021,105198
Thu Apr 08 2021,105583
Fri Apr 09 2021,105776
Sat Apr 10 2021,106040
Sun Apr 11 2021,106166
Mon Apr 12 2021,106204
Tue Apr 13 2021,106340
Wed Apr 14 2021,106372
Thu Apr 15 2021,106462
Fri Apr 16 2021,106741
Sat Apr 17 2021,106874
Sun Apr 18 2021,106909
Mon Apr 19 2021,107011
Tue Apr 20 2021,107050
Wed Apr 21 2021,107139
Thu Apr 22 2021,107493
Fri Apr 23 2021,107613
Sat Apr 24 2021,107768
Sun Apr 25 2021,107814
Mon Apr 26 2021,107924
Tue Apr 27 2021,108037
Wed Apr 28 2021,108152
Thu Apr 29 2021,108152
Fri Apr 30 2021,108361
Sat May 01 2021,108516
Sun May 02 2021,108594
Mon May 03 2021,108716
Tue May 04 2021,108876
Wed May 05 2021,109007
Thu May 06 2021,109316
Fri May 07 2021,109711
Sat May 08 2021,109854
Sun May 09 2021,110003
Mon May 10 2021,110201
Tue May 11 2021,110448
Wed May 12 2021,110574
Thu May 13 2021,110596
Fri May 14 2021,110939
Sat May 15 2021,111073
Sun May 16 2021,111199
Mon May 17 2021,111316
Tue May 18 2021,111639
Wed May 19 2021,111921
Thu May 20 2021,112021
Fri May 21 2021,112003
Sat May 22 2021,112224
Sun May 23 2021,112198
Mon May 24 2021,112281
Tue May 25 2021,112495
Wed May 26 2021,112703
Thu May 27 2021,113153
Fri May 28 2021,113477
Sat May 29 2021,113511
Sun May 30 2021,113683
Mon May 31 2021,114188
Tue Jun 01 2021,114637
Wed Jun 02 2021,114956
Thu Jun 03 2021,115059
Fri Jun 04 2021,115272
Sat Jun 05 2021,115496
Sun Jun 06 2021,115567
Mon Jun 07 2021,115668
Tue Jun 08 2021,115804
Wed Jun 09 2021,115915
Thu Jun 10 2021,115965
Fri Jun 11 2021,116204
Sat Jun 12 2021,116424
Sun Jun 13 2021,116490
Mon Jun 14 2021,116662
Tue Jun 15 2021,117050
Wed Jun 16 2021,117098
Thu Jun 17 2021,117277
Fri Jun 18 2021,117523
Sat Jun 19 2021,117601
Sun Jun 20 2021,117833
Mon Jun 21 2021,118018
Tue Jun 22 2021,118019
Wed Jun 23 2021,118274
Thu Jun 24 2021,118467
Fri Jun 25 2021,118474
Sat Jun 26 2021,119163
Sun Jun 27 2021,118946
Mon Jun 28 2021,118950
Tue Jun 29 2021,119201
Wed Jun 30 2021,119666
Thu Jul 01 2021,119594
Fri Jul 02 2021,119877
Sat Jul 03 2021,119978
Sun Jul 04 2021,120088
Mon Jul 05 2021,120074
Tue Jul 06 2021,120240
Wed Jul 07 2021,120763
Thu Jul 08 2021,120800
Fri Jul 09 2021,121136
Sat Jul 10 2021,121189
Sun Jul 11 2021,121181
Mon Jul 12 2021,121443
Tue Jul 13 2021,121887
Wed Jul 14 2021,121977
Thu Jul 15 2021,122109
Fri Jul 16 2021,121916
Sat Jul 17 2021,122042
Sun Jul 18 2021,122454
Mon Jul 19 2021,122795
Tue Jul 20 2021,123167
Wed Jul 21 2021,123324
Thu Jul 22 2021,123359
Fri Jul 23 2021,123341
Sat Jul 24 2021,123634
Sun Jul 25 2021,123689
Mon Jul 26 2021,123700
Tue Jul 27 2021,123523
Wed Jul 28 2021,123625
Thu Jul 29 2021,123825
Fri Jul 30 2021,123696
Sat Jul 31 2021,123664
Sun Aug 01 2021,123689
Mon Aug 02 2021,123760
Tue Aug 03 2021,123562
Wed Aug 04 2021,123910
Thu Aug 05 2021,124113
Fri Aug 06 2021,124338
Sat Aug 07 2021,124347
Sun Aug 08 2021,124270
Mon Aug 09 2021,124323
Tue Aug 10 2021,124556
Wed Aug 11 2021,124838
Thu Aug 12 2021,124855
Fri Aug 13 2021,124995
Sat Aug 14 2021,124984
Sun Aug 15 2021,124988
Mon Aug 16 2021,125006
Tue Aug 17 2021,125049
Wed Aug 18 2021,124867
Thu Aug 19 2021,124945
Fri Aug 20 2021,124838
Sat Aug 21 2021,124710
Sun Aug 22 2021,124675
Mon Aug 23 2021,125042
Tue Aug 24 2021,125064
Wed Aug 25 2021,125263
Thu Aug 26 2021,125136
Fri Aug 27 2021,125303
Sat Aug 28 2021,125650
Sun Aug 29 2021,125672
Mon Aug 30 2021,125963
Tue Aug 31 2021,126044
Wed Sep 01 2021,126411
Thu Sep 02 2021,126395
Fri Sep 03 2021,126576
Sat Sep 04 2021,126577
Sun Sep 05 2021,126655
Mon Sep 06 2021,126708
Tue Sep 07 2021,127111
Wed Sep 08 2021,126885
Thu Sep 09 2021,127173
Fri Sep 10 2021,127529
Sat Sep 11 2021,127613
Sun Sep 12 2021,127443
Mon Sep 13 2021,127123
Tue Sep 14 2021,127359
Wed Sep 15 2021,127382
Thu Sep 16 2021,127688
Fri Sep 17 2021,127605
Sat Sep 18 2021,127741
Sun Sep 19 2021,127886
Mon Sep 20 2021,127964
Tue Sep 21 2021,127902
Wed Sep 22 2021,127672
Thu Sep 23 2021,127736
Fri Sep 24 2021,128023
Sat Sep 25 2021,128049
Sun Sep 26 2021,128085
Mon Sep 27 2021,127903
Tue Sep 28 2021,128603
Wed Sep 29 2021,128650
Thu Sep 30 2021,128588
Fri Oct 01 2021,128713
Sat Oct 02 2021,128550
Sun Oct 03 2021,128648
Mon Oct 04 2021,128898
Tue Oct 05 2021,129092
Wed Oct 06 2021,129352
Thu Oct 07 2021,129538
Fri Oct 08 2021,129769
Sat Oct 09 2021,129534
Sun Oct 10 2021,129567
Mon Oct 11 2021,129900
Tue Oct 12 2021,130184
Wed Oct 13 2021,130330
Thu Oct 14 2021,130786
Fri Oct 15 2021,130577
Sat Oct 16 2021,130675
Sun Oct 17 2021,130781
Mon Oct 18 2021,130923
Tue Oct 19 2021,131054
Wed Oct 20 2021,131432
Thu Oct 21 2021,131852
Fri Oct 22 2021,131871
Sat Oct 23 2021,131668
Sun Oct 24 2021,131524
Mon Oct 25 2021,132173
Tue Oct 26 2021,132663
Wed Oct 27 2021,132862
Thu Oct 28 2021,132817
Fri Oct 29 2021,132690
Sat Oct 30 2021,132747
Sun Oct 31 2021,133104
Mon Nov 01 2021,133111
Tue Nov 02 2021,133270
Wed Nov 03 2021,133655
Thu Nov 04 2021,134004
Fri Nov 05 2021,134035
Sat Nov 06 2021,134125
Sun Nov 07 2021,134192
Mon Nov 08 2021,134286
Tue Nov 09 2021,134390
Wed Nov 10 2021,134444
Thu Nov 11 2021,134557
Fri Nov 12 2021,135022
Sat Nov 13 2021,135302
Sun Nov 14 2021,135151
Mon Nov 15 2021,135604
Tue Nov 16 2021,135886
Wed Nov 17 2021,135880
Thu Nov 18 2021,135857
Fri Nov 19 2021,135842
Sat Nov 20 2021,135960
Sun Nov 21 2021,136035
Mon Nov 22 2021,136187
Tue Nov 23 2021,136168
Wed Nov 24 2021,136341
Thu Nov 25 2021,136435
Fri Nov 26 2021,136577
Sat Nov 27 2021,136698
Sun Nov 28 2021,136722
Mon Nov 29 2021,136756
Tue Nov 30 2021,136970
Wed Dec 01 2021,137242
Thu Dec 02 2021,137455
Fri Dec 03 2021,137616
Sat Dec 04 2021,137749
Sun Dec 05 2021,137805
Mon Dec 06 2021,137906
Tue Dec 07 2021,137964
Wed Dec 08 2021,138107
Thu Dec 09 2021,138167
Fri Dec 10 2021,138482
Sat Dec 11 2021,138605
Sun Dec 12 2021,138787
Mon Dec 13 2021,139084
Tue Dec 14 2021,139129
Wed Dec 15 2021,139406
Thu Dec 16 2021,139361
Fri Dec 17 2021,140009
Sat Dec 18 2021,140016
Sun Dec 19 2021,140133
Mon Dec 20 2021,140346
Tue Dec 21 2021,140888
Wed Dec 22 2021,141077
Thu Dec 23 2021,141302
Fri Dec 24 2021,141706
Sat Dec 25 2021,141958
Sun Dec 26 2021,141988
Mon Dec 27 2021,142215
Tue Dec 28 2021,142428
Wed Dec 29 2021,143154
Thu Dec 30 2021,144067
Fri Dec 31 2021,144252
Sat Jan 01 2022,144252
Sun Jan 02 2022,144341
Mon Jan 03 2022,144508
Tue Jan 04 2022,144812
Wed Jan 05 2022,144959
Thu Jan 06 2022,145275
Fri Jan 07 2022,145560
Sat Jan 08 2022,145989
Sun Jan 09 2022,146039
Mon Jan 10 2022,146410
Tue Jan 11 2022,147287
Wed Jan 12 2022,148063
Thu Jan 13 2022,148933
Fri Jan 14 2022,148958
Sat Jan 15 2022,149013
Sun Jan 16 2022,149181
Mon Jan 17 2022,149732
Tue Jan 18 2022,150186
Wed Jan 19 2022,150246
Thu Jan 20 2022,151067
Fri Jan 21 2022,151781
Sat Jan 22 2022,152676
Sun Jan 23 2022,153023
Mon Jan 24 2022,154028
Tue Jan 25 2022,154028
Wed Jan 26 2022,154477
Thu Jan 27 2022,155011
Fri Jan 28 2022,155208
Sat Jan 29 2022,155649
Sun Jan 30 2022,155709
Mon Jan 31 2022,156124
Tue Feb 01 2022,156812
Wed Feb 02 2022,157168
Thu Feb 03 2022,157489
Fri Feb 04 2022,158097
Sat Feb 05 2022,158183
Sun Feb 06 2022,158229
Mon Feb 07 2022,158399
Tue Feb 08 2022,159490
Wed Feb 09 2022,160801
Thu Feb 10 2022,161674
Fri Feb 11 2022,162630
Sat Feb 12 2022,164505
Sun Feb 13 2022,163926
Mon Feb 14 2022,164382
Tue Feb 15 2022,165034
Wed Feb 16 2022,166244
Thu Feb 17 2022,166642
Fri Feb 18 2022,167248
Sat Feb 19 2022,166800
Sun Feb 20 2022,166979
Mon Feb 21 2022,167893
Tue Feb 22 2022,168969
Wed Feb 23 2022,169839
Thu Feb 24 2022,172913
Fri Feb 25 2022,173752
Sat Feb 26 2022,175279
Sun Feb 27 2022,175508
Mon Feb 28 2022,176625
Tue Mar 01 2022,176637
Wed Mar 02 2022,178023
Thu Mar 03 2022,178970
Fri Mar 04 2022,179672
Sat Mar 05 2022,180211
Sun Mar 06 2022,180529
Mon Mar 07 2022,182047
Tue Mar 08 2022,184792
Wed Mar 09 2022,185844
Thu Mar 10 2022,186487
Fri Mar 11 2022,187070
Sat Mar 12 2022,187400
Sun Mar 13 2022,187587
Mon Mar 14 2022,187934
Tue Mar 15 2022,188299
Wed Mar 16 2022,188225
Thu Mar 17 2022,188184
Fri Mar 18 2022,188983
Sat Mar 19 2022,189304
Sun Mar 20 2022,189108
Mon Mar 21 2022,191983
Tue Mar 22 2022,192088
Wed Mar 23 2022,191907
Thu Mar 24 2022,192321
Fri Mar 25 2022,192309
Sat Mar 26 2022,191748
Sun Mar 27 2022,190538
Mon Mar 28 2022,191091
Tue Mar 29 2022,191463
Wed Mar 30 2022,190889
Thu Mar 31 2022,190792
Fri Apr 01 2022,190826
Sat Apr 02 2022,191064
Sun Apr 03 2022,190868
Mon Apr 04 2022,191270
Tue Apr 05 2022,191142
Wed Apr 06 2022,190843
Thu Apr 07 2022,191692
Fri Apr 08 2022,191610
Sat Apr 09 2022,191135
Sun Apr 10 2022,190618
Mon Apr 11 2022,190759
Tue Apr 12 2022,190319
Wed Apr 13 2022,190837
Thu Apr 14 2022,190099
Fri Apr 15 2022,189740
Sat Apr 16 2022,189343
Sun Apr 17 2022,189790
Mon Apr 18 2022,189223
Tue Apr 19 2022,188756
Wed Apr 20 2022,187849
Thu Apr 21 2022,187512
Fri Apr 22 2022,187256
Sat Apr 23 2022,186358
Sun Apr 24 2022,186989
Mon Apr 25 2022,186876
Tue Apr 26 2022,186788
Wed Apr 27 2022,186848
Thu Apr 28 2022,186254
Fri Apr 29 2022,186215
Sat Apr 30 2022,185895
Sun May 01 2022,185201
Mon May 02 2022,185208
Tue May 03 2022,184908
Wed May 04 2022,184904
Thu May 05 2022,183664
Fri May 06 2022,184142
Sat May 07 2022,184022
Sun May 08 2022,183753
Mon May 09 2022,182756
Tue May 10 2022,183083
Wed May 11 2022,183073
Thu May 12 2022,183164
Fri May 13 2022,182850
Sat May 14 2022,183374
Sun May 15 2022,183181
Mon May 16 2022,183178
Tue May 17 2022,183346
Wed May 18 2022,182603
Thu May 19 2022,182296
Fri May 20 2022,181754
Sat May 21 2022,180937
Sun May 22 2022,180632
Mon May 23 2022,179972
Tue May 24 2022,180296
Wed May 25 2022,180282
Thu May 26 2022,179745
Fri May 27 2022,179948
Sat May 28 2022,179929
Sun May 29 2022,179872
Mon May 30 2022,179641
Tue May 31 2022,179636
Wed Jun 01 2022,179850
Thu Jun 02 2022,179278
Fri Jun 03 2022,179201
Sat Jun 04 2022,178774
Sun Jun 05 2022,178287
Mon Jun 06 2022,178450
Tue Jun 07 2022,178312
Wed Jun 08 2022,177799
Thu Jun 09 2022,177810
Fri Jun 10 2022,178141
Sat Jun 11 2022,178362
Sun Jun 12 2022,178099
Mon Jun 13 2022,177953
Tue Jun 14 2022,177961
Wed Jun 15 2022,177518
Thu Jun 16 2022,177171
Fri Jun 17 2022,176760
Sat Jun 18 2022,175907
Sun Jun 19 2022,175604
Mon Jun 20 2022,175501
Tue Jun 21 2022,174940
Wed Jun 22 2022,174941
Thu Jun 23 2022,173826
Fri Jun 24 2022,173570
Sat Jun 25 2022,173475
Sun Jun 26 2022,173474
Mon Jun 27 2022,173386
Tue Jun 28 2022,172955
Wed Jun 29 2022,172583
Thu Jun 30 2022,172295
Fri Jul 01 2022,171802
Sat Jul 02 2022,171757
Sun Jul 03 2022,171457
Mon Jul 04 2022,171716
Tue Jul 05 2022,171702
Wed Jul 06 2022,171638
Thu Jul 07 2022,171574
Fri Jul 08 2022,170937
Sat Jul 09 2022,170767
Sun Jul 10 2022,170644
Mon Jul 11 2022,170380
Tue Jul 12 2022,170150
Wed Jul 13 2022,169354
Thu Jul 14 2022,169093
Fri Jul 15 2022,168909
Sat Jul 16 2022,169205
Sun Jul 17 2022,169114
Mon Jul 18 2022,169145
Tue Jul 19 2022,169087
Wed Jul 20 2022,168982
Thu Jul 21 2022,168875
Fri Jul 22 2022,168556
Sat Jul 23 2022,168458
Sun Jul 24 2022,168377
Mon Jul 25 2022,167551
Tue Jul 26 2022,167326
Wed Jul 27 2022,165382
Thu Jul 28 2022,165487
Fri Jul 29 2022,164822
Sat Jul 30 2022,165015
Sun Jul 31 2022,165074
Mon Aug 01 2022,165250
Tue Aug 02 2022,165123
Wed Aug 03 2022,164136
Thu Aug 04 2022,163863
Fri Aug 05 2022,164489
Sat Aug 06 2022,164593
Sun Aug 07 2022,164126
Mon Aug 08 2022,163837
Tue Aug 09 2022,163583
Wed Aug 10 2022,162930
Thu Aug 11 2022,162966
Fri Aug 12 2022,162655
Sat Aug 13 2022,162573
Sun Aug 14 2022,162766
Mon Aug 15 2022,162865
Tue Aug 16 2022,162116
Wed Aug 17 2022,162019
Thu Aug 18 2022,161809
Fri Aug 19 2022,162137
Sat Aug 20 2022,161986
Sun Aug 21 2022,161959
Mon Aug 22 2022,162109
Tue Aug 23 2022,161592
Wed Aug 24 2022,161536
Thu Aug 25 2022,161816
Fri Aug 26 2022,161816
Sat Aug 27 2022,161601
Sun Aug 28 2022,161683
Mon Aug 29 2022,160694
Tue Aug 30 2022,160800
Wed Aug 31 2022,160752
Thu Sep 01 2022,160752
Fri Sep 02 2022,160536
Sat Sep 03 2022,160466
Sun Sep 04 2022,160308
Mon Sep 05 2022,160345
Tue Sep 06 2022,160169
Wed Sep 07 2022,160368
Thu Sep 08 2022,160306
Fri Sep 09 2022,160468
Sat Sep 10 2022,160699
Sun Sep 11 2022,160242
Mon Sep 12 2022,160047
Tue Sep 13 2022,160032
Wed Sep 14 2022,159904
Thu Sep 15 2022,160341
Fri Sep 16 2022,159523
Sat Sep 17 2022,159481
Sun Sep 18 2022,158868
Mon Sep 19 2022,158873
Tue Sep 20 2022,158849
Wed Sep 21 2022,158247
Thu Sep 22 2022,158292
Fri Sep 23 2022,158240
Sat Sep 24 2022,158681
Sun Sep 25 2022,158404
Mon Sep 26 2022,158167
Tue Sep 27 2022,157428
Wed Sep 28 2022,156831
Thu Sep 29 2022,156214
Fri Sep 30 2022,155895
Sat Oct 01 2022,155773
Sun Oct 02 2022,155764
Mon Oct 03 2022,155847
Tue Oct 04 2022,155224
Wed Oct 05 2022,154964
Thu Oct 06 2022,154893
Fri Oct 07 2022,154956
Sat Oct 08 2022,154853
Sun Oct 09 2022,154640
Mon Oct 10 2022,154692
Tue Oct 11 2022,154727
Wed Oct 12 2022,154811
Thu Oct 13 2022,154558
Fri Oct 14 2022,153922
Sat Oct 15 2022,153740
Sun Oct 16 2022,153589
Mon Oct 17 2022,153454
Tue Oct 18 2022,153244
Wed Oct 19 2022,153174
Thu Oct 20 2022,152959
Fri Oct 21 2022,152966
Sat Oct 22 2022,152965
Sun Oct 23 2022,153077
Mon Oct 24 2022,153062
Tue Oct 25 2022,152283
Wed Oct 26 2022,152058
Thu Oct 27 2022,152044
Fri Oct 28 2022,152796
Sat Oct 29 2022,152234
Sun Oct 30 2022,152241
Mon Oct 31 2022,152260
Tue Nov 01 2022,152272
Wed Nov 02 2022,151865
Thu Nov 03 2022,150187
Fri Nov 04 2022,150176
Sat Nov 05 2022,150130
Sun Nov 06 2022,150393
Mon Nov 07 2022,150237
Tue Nov 08 2022,150714
Wed Nov 09 2022,150296
Thu Nov 10 2022,150351
Fri Nov 11 2022,150051
Sat Nov 12 2022,150066
Sun Nov 13 2022,150158
Mon Nov 14 2022,150100
Tue Nov 15 2022,149964
Wed Nov 16 2022,150244
Thu Nov 17 2022,150409
Fri Nov 18 2022,150093
Sat Nov 19 2022,149662
Sun Nov 20 2022,150147
Mon Nov 21 2022,150139
Tue Nov 22 2022,149926
Wed Nov 23 2022,148965
Thu Nov 24 2022,149027
Fri Nov 25 2022,148859
Sat Nov 26 2022,148658
Sun Nov 27 2022,148857
Mon Nov 28 2022,148599
Tue Nov 29 2022,148309
Wed Nov 30 2022,147977
Thu Dec 01 2022,147568
Fri Dec 02 2022,147771
Sat Dec 03 2022,147905
Sun Dec 04 2022,147900
Mon Dec 05 2022,148553
Tue Dec 06 2022,148488
Wed Dec 07 2022,148497
Thu Dec 08 2022,148683
Fri Dec 09 2022,148702
Sat Dec 10 2022,148663
Sun Dec 11 2022,148431
Mon Dec 12 2022,148108
Tue Dec 13 2022,148185
Wed Dec 14 2022,148448
Thu Dec 15 2022,148274
Fri Dec 16 2022,148245
Sat Dec 17 2022,147756
Sun Dec 18 2022,147706
Mon Dec 19 2022,147659
Tue Dec 20 2022,146975
Wed Dec 21 2022,147034
Thu Dec 22 2022,146958
Fri Dec 23 2022,146690
Sat Dec 24 2022,146905
Sun Dec 25 2022,146838
Mon Dec 26 2022,146510
Tue Dec 27 2022,146572
Wed Dec 28 2022,146633
Thu Dec 29 2022,146504
Fri Dec 30 2022,146710
Sat Dec 31 2022,146731
Sun Jan 01 2023,146731
Mon Jan 02 2023,146719
Tue Jan 03 2023,146831
Wed Jan 04 2023,146708
Thu Jan 05 2023,146864
Fri Jan 06 2023,146865
Sat Jan 07 2023,146732
Sun Jan 08 2023,146698
Mon Jan 09 2023,146478
Tue Jan 10 2023,146051
Wed Jan 11 2023,146216
Thu Jan 12 2023,145892
Fri Jan 13 2023,145594
Sat Jan 14 2023,145717
Sun Jan 15 2023,145483
Mon Jan 16 2023,145392
Tue Jan 17 2023,145417
Wed Jan 18 2023,145507
Thu Jan 19 2023,145666
Fri Jan 20 2023,145341
Sat Jan 21 2023,145096
Sun Jan 22 2023,144817
Mon Jan 23 2023,144920
Tue Jan 24 2023,144719
Wed Jan 25 2023,144552
Thu Jan 26 2023,144146
Fri Jan 27 2023,143994
Sat Jan 28 2023,143845
Sun Jan 29 2023,143362
Mon Jan 30 2023,143568
Tue Jan 31 2023,143850
Wed Feb 01 2023,144403
Thu Feb 02 2023,144376
Fri Feb 03 2023,144569
Sat Feb 04 2023,144962
Sun Feb 05 2023,145178
Mon Feb 06 2023,145009
Tue Feb 07 2023,144912
Wed Feb 08 2023,144768
Thu Feb 09 2023,144403
Fri Feb 10 2023,144514
Sat Feb 11 2023,144539
Sun Feb 12 2023,144655
Mon Feb 13 2023,144888
Tue Feb 14 2023,144687
Wed Feb 15 2023,144965
Thu Feb 16 2023,145029
Fri Feb 17 2023,145235
Sat Feb 18 2023,145206
Sun Feb 19 2023,144841
Mon Feb 20 2023,144795
Tue Feb 21 2023,144987
Wed Feb 22 2023,144882
Thu Feb 23 2023,144516
Fri Feb 24 2023,144536
Sat Feb 25 2023,144407
Sun Feb 26 2023,144300
Mon Feb 27 2023,144434
Tue Feb 28 2023,144187
Wed Mar 01 2023,144016
Thu Mar 02 2023,143665
Fri Mar 03 2023,143498
Sat Mar 04 2023,143487
Sun Mar 05 2023,143731
Mon Mar 06 2023,143704
Tue Mar 07 2023,143561
Wed Mar 08 2023,143240
Thu Mar 09 2023,143257
Fri Mar 10 2023,143039
Sat Mar 11 2023,142972
Sun Mar 12 2023,142457
Mon Mar 13 2023,142264
Tue Mar 14 2023,142128
Wed Mar 15 2023,142178
Thu Mar 16 2023,142172
Fri Mar 17 2023,141868
Sat Mar 18 2023,141893
Sun Mar 19 2023,142017
Mon Mar 20 2023,142036
Tue Mar 21 2023,141826
Wed Mar 22 2023,141976
Thu Mar 23 2023,142045
Fri Mar 24 2023,142201
Sat Mar 25 2023,141912
Sun Mar 26 2023,141930
Mon Mar 27 2023,142000
Tue Mar 28 2023,141863
Wed Mar 29 2023,141746
Thu Mar 30 2023,142017
Fri Mar 31 2023,141538
Sat Apr 01 2023,141638
Sun Apr 02 2023,141560
Mon Apr 03 2023,141586
Tue Apr 04 2023,141605
Wed Apr 05 2023,141656
Thu Apr 06 2023,141381
Fri Apr 07 2023,141800
Sat Apr 08 2023,141777
