"ΔTotal Stock Market ETF Price","Total Stock Market ETF Volatility","ΔReal_Estate","ΔInterest_Rate","Uncertainty","ΔM1","ΔCCO","ΔCCI","ΔCPI","ΔUnemployment_Rate","ΔPersonal_Current_Taxes","ΔUSD_Index","Δ10-Yr Yield","ΔPCE_Watches","Real_Estate_Volatility","ΔWatch Price Index"
-0.0100000000000051,12.34,0.0734000000000208,0.002,135.56,2.2199999999998,-2.96599999999989,-0.00251999999998986,0.000644679400000125,-0.0200000000000005,1.54000000000019,-0.227989999999991,0.00999999999999979,-0.0259999999999998,4.595912,40.3285714285739
-0.310000000000002,9.61,0.0733999999999924,0.002,188.29,2.2199999999998,-2.96599999999989,-0.00252000000000407,0.000644679399999903,-0.0199999999999996,1.53999999999996,-0.581993333333344,0.11,-0.0259999999999998,4.524604,-16.9399999999987
1.25,9.56,0.0733999999999924,0.002,185.71,2.22000000000025,-2.96599999999989,-0.00252000000000407,0.000644679400000125,-0.0200000000000005,1.53999999999996,-0.651966666666652,0.02,-0.0259999999999998,4.453296,-25.0457142857158
0.260000000000005,9.19,0.146800000000013,0.004,242.04,4.44000000000005,-5.93200000000024,-0.00503999999999394,0.00128935880000003,-0.04,3.07999999999993,-1.04162000000001,-0.0300000000000002,-0.0520000000000014,4.31068,-4.92857142857611
1.12,8.59,0.6036,0.0519999999999999,77.85,21,-0.27599999999984,-0.0125600000000077,0.000334153199999854,-0.0800000000000001,-0.200000000000045,0.189639999999997,-0.0499999999999998,0.0240000000000009,3.954624,29.1600000000035
1.77,5.98,0.301799999999986,0.026,130.16,10.5,-0.13799999999992,-0.00627999999998963,0.000167076600000149,-0.0399999999999991,-0.0999999999999091,0.0384300000000053,0.04,0.0120000000000005,3.776596,42.5514285714271
0.670000000000002,5.76,0.301800000000014,0.026,226.71,10.5,-0.13799999999992,-0.00628000000000384,0.000167076599999927,-0.04,-0.0999999999999091,-0.432749999999999,-0.13,0.0119999999999987,3.598568,20.1971428571451
0.769999999999996,5.49,0.301799999999986,0.026,89.85,10.5,-0.138000000000375,-0.00628000000000384,0.000167076599999927,-0.04,-0.100000000000136,0.684839999999994,0.16,0.0120000000000005,3.42054,-6.32285714285899
-0.709999999999994,5.01,0.806000000000012,0.0439999999999999,56.5,-0.0799999999999272,6.16800000000012,-0.0163199999999932,0.00122016599999997,0,0.240000000000009,0.133260000000007,0.1,0.0199999999999996,3.661532,42.8542857142857
0.529999999999987,4.29,0.402999999999992,0.022,159.48,-0.0399999999999636,3.08400000000029,-0.00816000000000372,0.000610082999999983,0,0.120000000000118,-1.30272000000001,-0.04,0.00999999999999979,3.782028,-6.71142857142695
-2.41,6.78,0.402999999999992,0.022,65.8,-0.0400000000004184,3.08399999999983,-0.00816000000000372,0.000610083000000206,0,0.119999999999891,-0.812039999999996,-0.13,0.0100000000000016,3.902524,-16.9199999999983
0.719999999999999,6.76,0.40300000000002,0.022,101.99,-0.0399999999999636,3.08399999999983,-0.00815999999998951,0.000610082999999983,0,0.120000000000118,0.404260000000008,-0.0300000000000002,0.00999999999999979,4.02302,-3.04857142857509
-1.33,7.35,0.665999999999997,0.00333333333333297,59.73,21.63333333333,7.11666666666997,-0.0243666666670066,0.000293930999999858,0,0.833333333329847,-0.164460000000005,-0.14,-0.00999999999999979,3.77806666666667,-19.9085714285648
1.28,7.43,0.332999999999998,0.00166666666666704,74.38,10.8166666666702,3.55833333333021,-0.0121833333329988,0.000146965500000151,0,0.416666666670153,-0.252200000000016,0.00999999999999979,-0.00500000000000078,3.65559,-11.4400000000023
1.78,7.43,0.332999999999998,0.00166666666666693,106.1,10.8166666666698,3.55833333332976,-0.0121833333329988,0.000146965499999929,0,0.416666666669926,0.16012000000002,0.04,-0.00500000000000078,3.53311333333333,18.6399999999958
0.719999999999999,7.44,0.665999999999997,0.00333333333333308,134.47,21.63333333333,7.11666666666997,-0.0243666666670066,0.000293930999999858,0,0.833333333330074,0.00187999999999988,0.0600000000000001,-0.00999999999999979,3.28816,44.6371428571438
-0.560000000000002,7.41,0.691200000000009,0.0519999999999999,88.54,3.48000000000002,6.20800000000008,-0.0435200000000009,0.000374656800000261,-0.04,4.19999999999982,0.359159999999989,-0.02,0.0680000000000014,3.162552,26.2228571428568
-0.399999999999991,7.33,0.34559999999999,0.026,169.44,1.74000000000024,3.10400000000027,-0.0217600000000004,0.000187328399999798,-0.0200000000000005,2.10000000000014,-1.06961999999999,-0.1,0.0339999999999989,3.099748,5.62285714285099
1.72,7.88,0.34559999999999,0.026,83.62,1.73999999999978,3.10399999999981,-0.0217600000000004,0.00018732840000002,-0.0199999999999996,2.09999999999991,-0.46002,0.0299999999999998,0.0340000000000007,3.036944,10.3085714285771
1.31999999999999,6.22,0.345600000000019,0.026,96.97,1.74000000000024,3.10399999999981,-0.0217600000000004,0.00018732840000002,-0.0200000000000005,2.10000000000014,-0.553080000000008,-0.0999999999999996,0.0339999999999989,2.97414,4.86857142857116
-0.219999999999999,6.2,0.498400000000004,0.044,144.57,8.91999999999962,5.89200000000028,-0.0168800000000005,-0.000285211599999835,0,6.03999999999996,-0.304860000000005,0.0299999999999998,0.0640000000000001,2.976792,35.8857142857123
0.0600000000000023,6.03,0.249199999999973,0.022,67.05,4.46000000000004,2.94599999999991,-0.00843999999999312,-0.000142605800000251,0,3.01999999999998,0.273800000000008,-0.0299999999999998,0.032,2.978118,26.9971428571444
-0.200000000000003,5.12,0.249200000000002,0.0219999999999998,93.79,4.46000000000004,2.94599999999991,-0.00844000000000733,-0.000142605799999806,0,3.01999999999998,-0.285039999999995,-0.0100000000000002,0.032,2.979444,50.2857142857138
-0.530000000000001,4.43,0.249200000000002,0.022,110.23,4.46000000000004,2.94599999999991,-0.00843999999999312,-0.000142605800000251,0,3.01999999999998,-0.230030000000014,0.22,0.032,2.98077,36.4771428571476
1.71000000000001,5.1,0.278333333332995,0.00333333333333008,73.54,12.1666666666702,11.65333333333,0.0330333333329946,0.00103086833333021,0.0333333333333306,5.66666666666993,-0.786689999999993,-0.02,-0.0266666666666993,3.55972,12.6828571428523
0.719999999999999,4.85,0.139166666667023,0.00166666666667004,49.96,6.08333333332985,5.82666666667001,0.0165166666670018,0.000515434166669992,0.0166666666666693,2.83333333333007,-1.21872,-0.0900000000000003,-0.0133333333332999,3.849195,7.9800000000032
-0.0900000000000034,4.7,0.139166666666995,0.00166666666667004,64.94,6.0833333333303,5.82666666667001,0.0165166666670018,0.000515434166669992,0.0166666666666702,2.83333333333007,-0.247919999999993,0.0600000000000001,-0.0133333333332999,4.13867,4.22285714285681
0.0499999999999972,4.01,0.278333333332995,0.00333333333332986,272.01,12.1666666666697,11.65333333333,0.0330333333330088,0.00103086833332999,0.0333333333333306,5.66666666666993,-0.182240000000007,-0.0999999999999996,-0.026666666666701,4.71762,39.3457142857151
-1.86999999999999,4.93,0.187600000000003,-0.004,56.87,-6.31999999999971,6.70800000000008,0.0496799999999951,0.0021939352,-0.04,10.2399999999998,0.200119999999998,-0.02,0.072000000000001,3.899608,55.7657142857133
-0.830000000000013,5.12,0.0937999999999874,-0.002,86.83,-3.16000000000031,3.35400000000027,0.0248399999999975,0.00109696759999989,-0.0200000000000005,5.12000000000035,-0.0447199999999981,-0.02,0.0359999999999996,3.490602,56.5171428571448
1.15000000000001,5.56,0.0938000000000159,-0.002,74.28,-3.15999999999985,3.35399999999981,0.0248399999999975,0.00109696760000011,-0.0199999999999996,5.11999999999989,-0.588819999999998,0.02,0.0359999999999996,3.081596,28.9142857142833
1.91,6.41,0.0937999999999874,-0.002,121.76,-3.15999999999985,3.35399999999981,0.0248399999999975,0.00109696759999989,-0.0200000000000005,5.11999999999989,-1.00253499999999,-0.0800000000000001,0.0360000000000014,2.67259,85.8257142857146
-0.780000000000001,6.49,0.106400000000008,0,62.08,14.04,8.84799999999996,0.0615200000000016,-0.000263271999999759,-0.04,10.6800000000003,-0.268965000000009,-0.0800000000000001,0,2.354982,18.5571428571384
2.11,7.23,0.0532000000000039,0,72.36,7.01999999999998,4.42400000000043,0.0307600000000008,-0.000131636000000102,-0.0199999999999996,5.33999999999969,0.273380000000003,0.15,0,2.196178,17.3028571428658
-0.22999999999999,6.83,0.0532000000000039,0,63.09,7.01999999999998,4.42399999999998,0.0307600000000008,-0.000131636000000102,-0.0200000000000005,5.34000000000015,1.04926,0.0899999999999999,0,2.037374,16.734285714283
2.81999999999999,7.3,0.0532000000000039,0,121.9,7.01999999999998,4.42399999999998,0.0307600000000008,-0.00013163599999988,-0.0199999999999996,5.34000000000015,0.825860000000006,0.0700000000000003,0,1.87857,-12.6228571428583
0.170000000000016,7.28,0.0729999999999791,0.002,66.59,4.36000000000013,5.79799999999977,-0.00412000000000035,5.06279999989978e-06,0,4.57999999999993,-0.163510000000002,-0.0300000000000002,0.0479999999999983,2.21571,-2.10285714285783
1.05999999999997,5.83,0.0730000000000075,0.002,65.84,4.35999999999967,5.79800000000023,-0.00412000000000035,5.06280000012183e-06,0,4.57999999999993,0.437609999999992,0,0.048,2.55285,21.7285714285754
0.219999999999999,5.15,0.0730000000000075,0.002,108.51,4.36000000000013,5.79799999999977,-0.00412000000000035,5.06279999989978e-06,0,4.57999999999993,0.824980000000011,0.14,0.048,2.88999,-6.43714285714668
0.180000000000007,5.22,0.145999999999987,0.004,124.56,8.7199999999998,11.596,-0.00824000000000069,1.01256000000216e-05,0,9.15999999999985,0.228939999999994,-0.12,0.0960000000000001,3.56427,30.5828571428574
-0.280000000000001,4.94,0.158000000000015,0.056,41.93,-2.96000000000004,12.1759999999999,-0.0339199999999948,-0.000244708000000093,-0.04,4.80000000000018,-0.151555000000002,0,-0.0679999999999996,4.156806,28.2999999999993
0.0999999999999943,4.39,0.0789999999999793,0.028,58.1,-1.47999999999956,6.08800000000019,-0.0169599999999974,-0.000122353999999936,-0.0200000000000005,2.40000000000009,-0.440584999999999,0.04,-0.0339999999999989,4.453074,84.1142857142877
1.47000000000003,3.73,0.0790000000000077,0.028,52.93,-1.48000000000002,6.08799999999974,-0.0169600000000116,-0.000122353999999936,-0.0199999999999996,2.40000000000009,-0.945390000000003,-0.0600000000000001,-0.0340000000000007,4.749342,23.7685714285726
1.95999999999998,4.03,0.0790000000000077,0.028,113.32,-1.48000000000002,6.08800000000019,-0.0169599999999974,-0.000122354000000158,-0.0200000000000005,2.39999999999964,0.332729999999998,0.0900000000000003,-0.0340000000000007,5.04561,55.7657142857097
0.409999999999997,4,0.089333333333002,0.03666666666667,134.54,10.63333333333,2.94333333332997,0.0100333333329985,0.00188875333333005,-0.0333333333333297,-20.3999999999996,0.655839999999998,-0.04,0.026666666666701,4.8452,55.3628571428599
1.07000000000002,3.63,0.0446666666669842,0.01833333333333,104.84,5.31666666666979,1.47166666666999,0.00501666666700373,0.000944376666670133,-0.0166666666666702,-10.2000000000003,-0.263499999999993,-0.02,0.0133333333332999,4.744995,13.6885714285709
-0.0300000000000011,3.72,0.0446666666670126,0.01833333333333,72.69,5.31666666666979,1.47166666666999,0.00501666666700373,0.00094437666666991,-0.0166666666666702,-10.1999999999998,-0.113720000000001,0.14,0.0133333333332999,4.64479,-7.48285714285521
-0.27000000000001,3.86,0.0446666666659894,0.01833333333334,146.43,5.31666666666024,1.47166666665998,0.00501666666599476,0.000944376666659918,-0.0166666666666595,-10.2000000000003,-0.783000000000001,-0.0600000000000001,0.0133333333333994,4.544585,3.63142857142884
3.12,5.57,0.0446666666670126,0.01833333333333,178.3,5.31666666666979,1.47166666666999,0.00501666666700373,0.000944376666670133,-0.0166666666666702,-10.1999999999998,-0.541574999999995,0.02,0.0133333333332999,4.44438,16.6857142857116
2.38,5.94,0.315599999999989,0.004,171.33,-14.6799999999998,-5.94799999999987,0.0655200000000065,0.00189691039999995,0.04,-1.76000000000022,-0.0392649999999861,0.0899999999999999,0.0800000000000001,5.80806,44.9457142857136
1.16999999999999,5.5,0.157800000000009,0.002,272.42,-7.34000000000015,-2.97400000000016,0.0327599999999961,0.000948455200000087,0.0199999999999996,-0.879999999999654,-1.37616000000001,0.0899999999999999,0.0400000000000009,6.4899,11.6142857142841
2.94000000000003,5.73,0.157800000000009,0.002,110.72,-7.33999999999969,-2.97399999999971,0.0327599999999961,0.000948455199999865,0.0200000000000005,-0.880000000000109,-0.845160000000007,-0.00999999999999979,0.0399999999999991,7.17174,59.2457142857165
-5.56,11.99,0.15779999999998,0.002,111.2,-7.34000000000015,-2.97400000000016,0.0327599999999961,0.000948455200000087,0.0199999999999996,-0.880000000000109,-0.0419799999999952,0.23,0.0400000000000009,7.85358,63.6885714285709
-7.07000000000002,16.82,0.667600000000022,0.036,104.55,21.1999999999998,-1.92000000000007,0.0407200000000074,0.000950142800000053,-0.04,-2.7199999999998,0.729759999999999,-0.02,-0.016,6.242472,77.3742857142897
5.88000000000002,19.38,0.333799999999997,0.018,88.63,10.6000000000004,-0.960000000000036,0.0203599999999966,0.000475071399999916,-0.0199999999999996,-1.36000000000013,-0.585144999999997,0.0499999999999998,-0.0080000000000009,5.436918,46.1800000000003
0.75,19.35,0.333799999999997,0.018,50.25,10.5999999999999,-0.960000000000036,0.0203599999999966,0.000475071399999916,-0.0200000000000005,-1.36000000000013,0.590024999999997,-0.00999999999999979,-0.00799999999999912,4.631364,126.879999999997
-2.62,19.89,0.333799999999997,0.018,52.45,10.5999999999999,-0.960000000000036,0.0203600000000108,0.000475071400000138,-0.0199999999999996,-1.35999999999967,0.227649999999997,-0.02,-0.0080000000000009,3.82581,73.3285714285739
5.06,21.29,0.817199999999985,0.0720000000000001,54.85,-2.80000000000018,3.68000000000029,-0.0204800000000063,0.0016741415999999,0,-3.92000000000007,-0.249430000000004,0.04,0.0600000000000005,3.751634,40.1628571428519
-1.64000000000001,21.05,0.408600000000007,0.036,43.98,-1.39999999999964,1.83999999999969,-0.010239999999996,0.000837070800000062,0,-1.96000000000004,0.414529999999999,-0.0500000000000003,0.0299999999999994,3.714546,36.3400000000001
-8.56,24.6,0.408600000000007,0.0359999999999998,57.36,-1.40000000000009,1.84000000000015,-0.0102400000000102,0.000837070800000062,0,-1.96000000000004,-0.794789999999992,-0.00999999999999979,0.0300000000000011,3.677458,64.8285714285703
0.77000000000001,24.31,0.408600000000007,0.036,243.48,-1.40000000000009,1.84000000000015,-0.010239999999996,0.000837070799999839,0,-1.96000000000004,0.116640000000004,-0.0500000000000003,0.0299999999999994,3.64037,78.3685714285748
2.71000000000001,23.94,0.367799999999988,0.002,141.34,-1.11999999999989,5.26399999999967,-0.0172799999999995,0.000879261799999975,-0.04,-0.579999999999927,-0.374800000000022,0.04,0.0259999999999998,3.677722,101.285714285714
0.919999999999987,21.01,0.367799999999988,0.002,84.7,-1.11999999999989,5.26400000000012,-0.0172799999999995,0.000879261800000197,-0.04,-0.579999999999927,0.0710400000000107,0.13,0.0259999999999998,3.715074,104.911428571431
-0.169999999999987,18.62,0.367800000000017,0.002,70.06,-1.12000000000035,5.26400000000012,-0.0172799999999995,0.000879261799999975,-0.04,-0.579999999999927,1.74112000000001,0.00999999999999979,0.0259999999999998,3.752426,303.714285714286
-0.200000000000017,18.54,0.735600000000005,0.004,108.68,-2.23999999999978,10.5279999999998,-0.034559999999999,0.00175852359999995,-0.0800000000000001,-1.16000000000031,1.06027999999999,-0.02,0.0520000000000014,3.82713,162.245714285709
3.44,18.96,0.637199999999979,0.048,71.37,0.0399999999999636,1.0920000000001,-0.0233199999999982,0.000676744800000018,0.0800000000000001,3.16000000000031,0.426560000000023,0.0300000000000002,-0.0400000000000009,3.383866,95.9114285714313
-0.370000000000005,17.08,0.318600000000004,0.024,42.73,0.0199999999999818,0.546000000000276,-0.0116600000000062,0.000338372399999898,0.04,1.57999999999993,0.840899999999976,0.0899999999999999,-0.0199999999999996,3.162234,28.6914285714265
0.400000000000006,16.95,0.318600000000004,0.024,92.17,0.0199999999999818,0.545999999999822,-0.011659999999992,0.00033837240000012,0.04,1.57999999999993,0.0403250000000099,-0.13,-0.0199999999999996,2.940602,50.1599999999999
0.900000000000006,8.27,0.318600000000004,0.024,83.81,0.0199999999999818,0.545999999999822,-0.0116600000000062,0.000338372399999898,0.04,1.57999999999993,0.458235000000002,-0.04,-0.0200000000000014,2.71897,61.6485714285736
2.41,8.06,0.363599999999991,0.036,137.07,10.1199999999999,8.28800000000001,-0.0126800000000031,2.86899999999424e-05,-0.0800000000000001,6.92000000000007,0.361679999999993,0.0499999999999998,0,2.618714,34.8971428571385
0.240000000000009,6.69,0.18180000000001,0.018,68.71,5.05999999999995,4.14400000000023,-0.00633999999999446,1.43450000000822e-05,-0.04,3.46000000000004,1.20156,-0.02,0,2.568586,84.6714285714297
-1.70000000000002,7.1,0.18180000000001,0.0179999999999998,80.35,5.05999999999995,4.14399999999978,-0.00633999999999446,1.43450000000822e-05,-0.04,3.46000000000004,0.015119999999996,-0.02,0,2.518458,74.0571428571457
0.340000000000003,8.62,0.181799999999981,0.018,164.82,5.0600000000004,4.14400000000023,-0.00634000000000867,1.43449999998602e-05,-0.04,3.46000000000004,-0.24866999999999,-0.0800000000000001,0,2.46833,220.557142857146
1.91,8.74,0.0756000000000085,0,74.75,2.11999999999989,8.30199999999968,0.00227999999999895,0.000118134800000114,0,2.13999999999987,-0.490870000000001,0.0100000000000002,-0.0119999999999987,2.650656,38.7571428571428
0.140000000000015,7.4,0.0756000000000085,0,146.72,2.11999999999989,8.30200000000013,0.00227999999999895,0.000118134799999892,0,2.13999999999987,0.533599999999979,0.0499999999999998,-0.0120000000000005,2.832982,53.4628571428548
0.379999999999995,7.28,0.0755999999999801,0,156.61,2.11999999999989,8.30200000000013,0.00227999999999895,0.000118134800000114,0,2.13999999999987,-0.263299999999987,0.0800000000000001,-0.0120000000000005,3.015308,16.6514285714293
1.05000000000001,7.32,0.151200000000017,0,77.28,4.24000000000024,16.6039999999998,0.00456000000001211,0.000236269600000005,0,4.2800000000002,-0.00167999999999324,-0.00999999999999979,-0.0239999999999991,3.37996,63.3942857142829
-0.0200000000000102,7.35,0.0183999999999855,0.016,56.98,3.88000000000011,5.67200000000003,0.0335199999999958,0.000494479599999931,-0.04,-0.440000000000055,1.01071999999999,-0.0900000000000003,-0.112,4.123452,112.33142857143
0.919999999999987,6.65,0.00920000000002119,0.00800000000000001,20.08,1.9399999999996,2.83600000000024,0.016760000000005,0.000247239799999965,-0.0199999999999996,-0.2199999999998,0.441500000000005,0.0100000000000002,-0.0560000000000009,4.495198,140.845714285715
1.51000000000002,6.87,0.00919999999999277,0.00800000000000001,38.52,1.94000000000005,2.83599999999979,0.0167599999999908,0.000247239799999965,-0.02,-0.220000000000255,-0.912900000000008,-0.0500000000000003,-0.0559999999999992,4.866944,136.282857142865
-0.0999999999999943,5.23,0.00919999999999277,0.00800000000000001,157.58,1.94000000000005,2.83600000000024,0.016760000000005,0.000247239800000187,-0.02,-0.2199999999998,1.11468000000001,0.12,-0.0560000000000009,5.23869,117.662857142852
1.69999999999999,4.75,-0.00166666666700621,0.0799999999999998,69.96,8.26666666667006,5.69333333332997,-0.00596666666700685,0.000627240333329837,0.0333333333333297,-2.8333333333303,-0.389579999999995,0.0500000000000003,0.106666666666701,5.39427333333333,160.537142857138
0.879999999999995,4.34,-0.000833333332991515,0.04,62.01,4.13333333333003,2.84666666666999,-0.00298333333299183,0.000313620166670026,0.0166666666666702,-1.4166666666697,-0.648820000000001,0.0799999999999996,0.053333333333299,5.472065,41.8371428571445
-1.50999999999999,5.33,-0.000833333332991515,0.04,74.22,4.13333333333003,2.84666666666999,-0.00298333333300604,0.000313620166670026,0.0166666666666702,-1.41666666667015,0.0718999999999994,-0.02,0.0533333333333008,5.54985666666667,55.6228571428546
-2.02000000000001,6.46,-0.00166666666700621,0.0800000000000001,89.18,8.26666666667006,5.69333333332997,-0.00596666666699264,0.000627240333330059,0.0333333333333297,-2.83333333332985,0.481899999999996,0.18,0.106666666666699,5.70544,24.0400000000045
-6.25999999999999,11.49,-0.105199999999996,0.004,76.97,-9.59999999999991,10.2959999999998,-0.04392,-0.0014294332,0,-0.480000000000018,0.285499999999999,-0.0899999999999999,-0.048,5.369972,6.19142857143015
-0.0200000000000102,11.49,-0.0526000000000124,0.00200000000000022,85.8,-4.80000000000018,5.14800000000014,-0.0219600000000071,-0.000714716599999887,0,-0.240000000000236,-0.1524,0.0600000000000001,-0.0239999999999991,5.202238,-1.87142857143044
-5.57999999999998,13.66,-0.052599999999984,0.00199999999999978,89.49,-4.80000000000018,5.14800000000014,-0.0219599999999929,-0.000714716600000109,0,-0.239999999999782,0.976960000000005,-0.13,-0.0240000000000009,5.034504,-35.0257142857154
3.78999999999999,15.28,-0.0526000000000124,0.00200000000000022,111.72,-4.79999999999973,5.14799999999968,-0.0219600000000071,-0.000714716599999887,0,-0.240000000000236,0.269899999999993,0.14,-0.0239999999999991,4.86677,51.2828571428581
2.60999999999999,15.89,-0.163600000000002,0.028,44.22,28.8399999999997,11.8600000000001,-0.0684799999999939,-0.00135855240000016,0.04,4.20000000000027,0.717965000000007,-0.02,-0.136000000000001,6.965018,36.437142857143
-2.08999999999997,16,-0.081799999999987,0.0139999999999998,55.04,14.4200000000001,5.92999999999984,-0.0342399999999969,-0.000679276200000078,0.02,2.09999999999991,-0.197365000000005,-0.12,-0.0679999999999996,8.014142,88.7999999999956
-4.95000000000002,16.61,-0.0818000000000154,0.0139999999999998,21.81,14.4200000000001,5.93000000000029,-0.0342400000000112,-0.000679276199999856,0.02,2.09999999999991,0.581339999999997,-0.0299999999999998,-0.0679999999999996,9.063266,62.348571428578
-0.22999999999999,22.14,-0.081799999999987,0.0140000000000002,107.69,14.4200000000001,5.92999999999984,-0.0342399999999969,-0.000679276200000078,0.02,2.09999999999991,-0.608549999999994,-0.19,-0.0679999999999996,10.11239,16.8114285714255
-1.78,22.14,-0.164666666667017,0.0433333333333299,109.73,-9.33333333332985,3.15333333333001,-0.0683333333330012,0.000673650666670023,0.0333333333333301,15.3333333333303,0.470089999999999,0.04,0.0266666666666993,9.60069666666667,45.8685714285675
-9.63000000000001,25.42,-0.082333333332997,0.0216666666666701,90.26,-4.66666666667015,1.57666666667001,-0.0341666666669909,0.000336825333330015,0.0166666666666702,7.6666666666697,-0.33278,-0.1,0.0133333333332999,9.34485,19.3000000000029
2.94000000000001,26.56,-0.082333333332997,0.0216666666666701,10.92,-4.66666666667015,1.57666666667001,-0.0341666666670051,0.000336825333330015,0.0166666666666697,7.66666666667015,-0.222385000000003,-0.0499999999999998,0.0133333333332999,9.08900333333333,22.2685714285763
2.47,26.29,-0.164666666666989,0.0433333333333299,204.03,-9.33333333332985,3.15333333333001,-0.0683333333330012,0.000673650666670023,0.0333333333333301,15.3333333333298,-0.819000000000003,-0.0800000000000001,0.026666666666701,8.57731,29.0257142857081
3.94,26.47,0.0911999999999864,0,120.96,2.84000000000015,-6.43199999999979,0.0217600000000004,0.00179565199999998,-0.0800000000000001,8.44000000000005,-0.954774999999998,0.04,0.123999999999999,6.701398,46.1828571428559
3.81,26.99,0.0456000000000074,0,104.39,1.42000000000007,-3.21600000000035,0.0108800000000002,0.000897825999999879,-0.04,4.22000000000025,0.120725000000007,0.0799999999999996,0.0620000000000012,5.763442,53.2457142857165
-0.180000000000007,26.87,0.0456000000000074,0,107.95,1.41999999999962,-3.21599999999989,0.0108800000000002,0.000897826000000101,-0.04,4.2199999999998,0.0420549999999764,-0.0299999999999998,0.0619999999999994,4.825486,36.1371428571438
2.25999999999999,25.86,0.0456000000000074,0,146.97,1.42000000000007,-3.21599999999989,0.0108800000000002,0.000897825999999879,-0.04,4.22000000000025,-0.336019999999976,-0.0600000000000001,0.0619999999999994,3.88753,68.0514285714307
0.240000000000009,23.78,0.538799999999981,0.004,93.01,-6.07999999999993,-2.3720000000003,0.0875199999999978,0.00240657840000003,0,12.52,0.793299999999988,-0.0600000000000001,-0.00399999999999956,4.453806,49.8999999999942
3.77000000000001,21.78,0.269400000000019,0.00200000000000022,55.54,-3.03999999999996,-1.18599999999969,0.043760000000006,0.00120328920000001,0,6.25999999999976,-0.17019333333333,0.04,-0.00200000000000067,4.736944,17.2400000000052
1.03,21.3,0.26939999999999,0.00199999999999978,115.34,-3.03999999999996,-1.18600000000015,0.0437599999999918,0.00120328920000001,0,6.26000000000022,-0.54628666666666,-0.02,-0.00199999999999889,5.020082,54.5400000000009
0.649999999999977,8.05,0.26939999999999,0.00200000000000022,212.58,-3.03999999999996,-1.18600000000015,0.043760000000006,0.00120328920000001,0,6.25999999999976,0.755579999999995,0.1,-0.00200000000000067,5.30322,138.142857142855
-3.42999999999998,11.48,0.637333333333004,0.00333333333332986,81.38,15.6666666666697,6.43000000000029,0.0534999999999997,0.00189297233333008,-0.06666666666667,9.13333333333003,0.125839999999997,-0.12,0.0800000000000001,4.77890333333333,73.1171428571397
4.01999999999998,11.96,0.318666666667013,0.00166666666667004,66.48,7.8333333333303,3.21500000000015,0.0267499999999927,0.000946486166669924,-0.0333333333333297,4.56666666667024,-0.710099999999997,-0.04,0.0400000000000009,4.516745,31.3457142857151
-1.44999999999999,11.91,0.318666666666985,0.00166666666667004,83.99,7.83333333332985,3.21499999999969,0.0267500000000069,0.000946486166669924,-0.0333333333333301,4.56666666666979,0.511080000000007,-0.14,0.0399999999999991,4.25458666666667,46.3742857142861
1.15000000000001,10.86,0.318666666666019,0.00166666666665982,91.25,7.83333333333985,3.21500000000015,0.0267499999999927,0.000946486166660154,-0.0333333333333399,4.56666666666024,0.31201999999999,-0.0300000000000002,0.0400000000000009,3.99242833333333,63.645714285718
3.06999999999999,11.17,0.318666666666985,0.00166666666667004,153.15,7.8333333333303,3.21500000000015,0.0267500000000069,0.000946486166669924,-0.0333333333333301,4.56666666666979,-0.19395999999999,0.0800000000000001,0.0399999999999991,3.73027,152.542857142857
0.900000000000006,10.99,0.665199999999999,-0.012,66.73,1.7199999999998,10.0599999999999,0.0352800000000002,0.000918077599999956,0.04,4,-0.417360000000002,0.0600000000000001,0,3.447554,130.545714285712
-0.409999999999997,11.14,0.332600000000014,-0.00599999999999978,76.25,0.860000000000127,5.02999999999975,0.0176400000000001,0.000459038800000089,0.02,2,0.0916199999999918,0,0,3.306196,115.208571428571
1.88999999999999,10.18,0.332599999999985,-0.00600000000000023,78.68,0.860000000000127,5.0300000000002,0.0176400000000001,0.000459038800000089,0.02,2,0.700540000000004,-0.0600000000000001,0,3.164838,125.839999999997
0.469999999999999,10.18,0.332600000000014,-0.00599999999999978,4.7,0.859999999999673,5.02999999999975,0.0176400000000001,0.000459038799999867,0.02,2,0.0459400000000016,0.0299999999999998,0,3.02348,189.491428571433
-3.09999999999999,11.57,0.495199999999983,-0.004,94.65,16.0800000000004,5.24000000000024,-0.0376800000000088,8.60700000000492e-05,-0.04,-0.7199999999998,0.386160000000004,-0.0799999999999996,-0.0199999999999996,3.53016,114.314285714288
-1.28999999999999,10.16,0.247600000000006,-0.00200000000000022,132.3,8.03999999999996,2.61999999999989,-0.0188399999999973,4.30350000000246e-05,-0.02,-0.360000000000127,0.437960000000004,-0.0600000000000001,-0.00999999999999979,3.7835,96.2599999999948
-1.66,8.71,0.247600000000006,-0.00199999999999978,69.8,8.03999999999996,2.61999999999989,-0.0188399999999973,4.30350000000246e-05,-0.02,-0.360000000000127,0.0320499999999981,-0.0700000000000003,-0.00999999999999979,4.03684,68.7742857142875
2.20999999999998,14.09,0.247600000000006,-0.00200000000000022,230.39,8.03999999999996,2.62000000000035,-0.0188399999999973,4.30350000000246e-05,-0.02,-0.360000000000127,-0.155830000000009,-0.24,-0.0100000000000016,4.29018,303.565714285716
0.840000000000003,13.36,0.251000000000005,0.00666666666666993,143.87,10.63333333333,7.13999999999987,-0.0775666666669963,0.000601925666669834,0.0333333333333301,-7.59999999999991,-0.492620000000002,0.00999999999999979,0.166666666666702,4.67597333333333,89.5199999999968
3.06999999999999,14.06,0.125499999999988,0.0033333333333303,175.49,5.31666666666979,3.56999999999971,-0.0387833333330008,0.000300962833330143,0.0166666666666697,-3.79999999999973,-0.114799999999988,-0.0299999999999998,0.0833333333332984,4.86887,175.68
-0.609999999999985,14.08,0.125499999999988,0.00333333333332986,127.09,5.31666666667024,3.57000000000016,-0.0387833333330008,0.000300962833329921,0.0166666666666702,-3.80000000000018,-0.834920000000011,-0.0600000000000001,0.0833333333333002,5.06176666666667,74.9799999999959
2.46000000000001,14.25,0.251000000000005,0.00666666666666993,148.61,10.63333333333,7.13999999999987,-0.0775666666670105,0.000601925666670056,0.0333333333333301,-7.59999999999991,0.248995000000008,0.04,0.1666666666667,5.44756,191.594285714287
1.06,14.3,0.143599999999992,-0.108,126.95,-2,14.5480000000002,-0.118839999999992,-2.19392000000429e-05,0,-2.32000000000016,0.0950849999999974,0.0699999999999998,0.0080000000000009,5.6103,112.942857142858
-1.81,13.68,0.0718000000000245,-0.0539999999999998,72.19,-1,7.27399999999989,-0.0594200000000029,-1.09695999999104e-05,0,-1.15999999999985,-0.10042,-0.0600000000000001,0.00399999999999956,5.69167,110.665714285715
2.60999999999999,13.67,0.0717999999999961,-0.0539999999999998,75.32,-1,7.27400000000034,-0.0594200000000029,-1.09696000001325e-05,0,-1.15999999999985,0.413439999999994,0.0300000000000002,0.00399999999999956,5.77304,212.69142857143
-4.82999999999998,15.56,0.0717999999999961,-0.0540000000000003,259.25,-1,7.27399999999943,-0.0594200000000029,-1.09695999999104e-05,0,-1.16000000000031,1.18524000000001,-0.22,0.00400000000000134,5.85441,162.548571428575
-0.660000000000025,13.92,0.0707999999999913,-0.036,93.48,17.6799999999998,5.72400000000016,-3.99999999984857e-05,0.000339215999999976,-0.0800000000000001,-1.44000000000005,0.235600000000005,-0.13,0.016,5.210146,384.519999999997
-1.57999999999998,11.07,0.0354000000000099,-0.0179999999999998,144.25,8.84000000000015,2.86200000000008,-1.99999999921374e-05,0.000169607999999988,-0.04,-0.7199999999998,0.549819999999997,-0.19,0.00799999999999912,4.888014,171.474285714285
-2.03,11.39,0.0353999999999814,-0.0180000000000002,186.06,8.83999999999969,2.86200000000008,-2.00000000063483e-05,0.000169607999999988,-0.04,-0.720000000000255,0.342659999999995,-0.02,0.0080000000000009,4.565882,10.557142857142
6.37,12.53,0.0354000000000099,-0.0179999999999998,120.42,8.84000000000015,2.86200000000008,-1.99999999921374e-05,0.000169607999999988,-0.04,-0.7199999999998,0.0574500000000029,0.03,0.00799999999999912,4.24375,83.5314285714267
1.78999999999999,12.28,0.018400000000014,-0.042,92.35,6.7199999999998,3,0.0407199999999932,0.000495323200000009,0.02,2.63999999999987,-0.634529999999998,0.35,-0.0419999999999998,4.117814,140.008571428581
-1.43000000000001,12.35,0.0183999999999855,-0.042,154.3,6.72000000000025,3,0.0407200000000074,0.000495323200000009,0.02,2.64000000000033,0.0371200000000016,-0.15,-0.0419999999999998,3.991878,247.754285714283
-1.73999999999998,12.33,0.018400000000014,-0.042,133.98,6.7199999999998,3,0.0407199999999932,0.000495323200000009,0.02,2.63999999999987,0.474899999999991,-0.0700000000000001,-0.0419999999999998,3.865942,26.6257142857139
-0.570000000000022,11.55,0.0367999999999995,-0.0839999999999999,148.84,13.4400000000001,6,0.0814400000000006,0.000990646400000017,0.04,5.27999999999975,0.20920000000001,-0.17,-0.0839999999999996,3.61407,-64.3000000000029
0.900000000000006,9.35,0.0548000000000002,-0.112,57.72,6.55999999999995,4.86399999999958,0.107839999999996,-0.000232894800000105,0,5.2800000000002,-0.352090000000004,0.24,-0.128,3.968662,13.6142857142841
0.950000000000017,9.33,0.0274000000000001,-0.056,68.05,3.2800000000002,2.4320000000007,0.0539200000000051,-0.000116447399999942,0,2.63999999999987,-1.00379,0,-0.0640000000000001,4.145958,51.0685714285719
1.86999999999998,9.05,0.0274000000000001,-0.0559999999999998,42.25,3.27999999999975,2.43199999999979,0.0539200000000051,-0.000116447399999942,0,2.64000000000033,-0.324420000000003,0.05,-0.0640000000000001,4.323254,-72.0342857142823
2.38000000000002,8.21,0.0274000000000001,-0.056,170.68,3.2800000000002,2.43199999999979,0.0539199999999909,-0.000116447399999942,0,2.63999999999987,-0.0696599999999989,-0.0700000000000001,-0.0640000000000001,4.50055,352.731428571424
1.32999999999998,6.97,0.0519999999999925,0,123.95,28.6799999999998,16.3599999999997,0.0914400000000057,-0.000394908400000116,0,3.03999999999996,0.65692,0.2,0.26,5.281914,-130.157142857141
1.39000000000001,6.4,0.0260000000000105,0,56.77,14.3400000000001,8.18000000000029,0.0457200000000029,-0.000197454200000058,0,1.51999999999998,-0.0592799999999869,-0.0899999999999999,0.130000000000001,5.672596,-16.1314285714325
-0.410000000000025,6.3,0.025999999999982,0,83.86,14.3400000000001,8.18000000000029,0.0457199999999887,-0.000197454199999836,0,1.51999999999998,0.443304999999981,-0.0700000000000001,0.129999999999999,6.063278,39.7200000000084
2.15000000000001,4.34,0.0260000000000105,0,175.61,14.3399999999997,8.17999999999938,0.0457200000000029,-0.000197454200000058,0,1.51999999999998,-0.331665000000001,0.0700000000000001,0.130000000000001,6.45396,41.3057142857142
1.04000000000002,3.58,0.0323999999999955,0,109.59,-8.51999999999998,0.5,-0.000320000000002096,0.000841289999999884,-0.02,6.69999999999982,-0.633799999999994,-0.02,0.0299999999999994,5.8488,201.908571428568
2.85999999999999,4.16,0.0323999999999955,0,110.44,-8.51999999999998,0.5,-0.000319999999987886,0.000841290000000106,-0.02,6.70000000000027,-0.434520000000006,0.0899999999999999,0.0299999999999994,5.24364,-596.648571428574
-0.109999999999985,4.61,0.0323999999999955,0,190.14,-8.51999999999998,0.5,-0.000320000000002096,0.000841289999999884,-0.02,6.69999999999982,-0.0729400000000027,-0.0399999999999998,0.0300000000000011,4.63848,-15.8685714285675
-0.150000000000006,4.84,0.0648000000000195,0,186.06,-17.04,1,-0.000640000000004193,0.00168257999999999,-0.04,13.4000000000001,-0.538150000000002,-0.0800000000000001,0.0599999999999987,3.42816,66.4314285714281
1.53,4.43,0.328800000000001,0.012,124.82,1.11999999999989,-5.88400000000001,-0.171800000000005,0.00119316320000018,0,8.32000000000016,0.0819700000000125,0.03,-0.123999999999999,3.932016,132.171428571426
3.29999999999998,5.34,0.164400000000001,0.00600000000000001,98.77,0.5600000000004,-2.94200000000001,-0.0858999999999952,0.000596581599999979,0,4.15999999999985,-0.0468950000000063,0.01,-0.0620000000000012,4.183944,199.205714285716
-1.66999999999999,6.45,0.164400000000001,0.00600000000000001,77.19,0.559999999999945,-2.94200000000001,-0.0858999999999952,0.000596581599999979,0,4.15999999999985,0.520494999999997,-0.15,-0.0619999999999994,4.435872,220.068571428565
1.62,10.43,0.164400000000001,0.00600000000000001,139.13,0.559999999999945,-2.94200000000001,-0.0859000000000094,0.000596581599999979,0,4.16000000000031,0.571759999999998,-0.0999999999999999,-0.0619999999999994,4.6878,-118.999999999993
2.98999999999998,10.71,0.791199999999975,-0.372,82.23,111.84,-12.8599999999997,-0.400559999999999,-0.000950142800000053,0.36,-28.52,0.26288000000001,0.01,-1.352,8.968952,27.1571428571406
-1.81,11.36,0.395600000000002,-0.186,82.1,55.9200000000001,-6.43000000000029,-0.200279999999992,-0.000475071399999916,0.18,-14.2600000000002,0.513840000000002,-0.12,-0.676,11.109528,218.942857142858
-19.45,29.25,0.395600000000002,-0.186,177.27,55.9200000000001,-6.42999999999938,-0.200280000000006,-0.000475071400000138,0.18,-14.2599999999998,0.495239999999995,-0.33,-0.676,13.250104,424.648571428566
0.150000000000006,29.28,0.395600000000002,-0.186,108.1,55.9200000000001,-6.43000000000029,-0.200279999999992,-0.000475071399999916,0.180000000000001,-14.2600000000002,-0.698400000000007,-0.43,-0.676,15.39068,41.7628571428577
-14.66,35.48,0.409400000000005,-0.12,330.85,106.7,-12.2659999999996,-0.217818000000008,-0.00145643559999997,2.06,-33.1799999999998,2.13572000000001,0.24,-0.731999999999999,14.632696,117.902857142857
-20.74,46.69,0.409400000000005,-0.12,468.43,106.7,-12.2660000000005,-0.217817999999994,-0.00145643559999997,2.06,-33.1800000000003,4.65992,0.01,-0.732000000000001,13.874712,-17.2771428571432
11.74,53.94,0.409400000000005,-0.12,651.07,106.700000000001,-12.2659999999996,-0.217818000000008,-0.00145643559999997,2.06,-33.1799999999998,0.736059999999995,-0.23,-0.731999999999999,13.116728,-61.1428571428551
-3.55000000000001,53.76,0.818799999999982,-0.24,212.82,213.4,-24.5320000000002,-0.435635999999988,-0.00291287120000017,4.12,-66.3600000000001,-0.437739999999977,-0.14,-1.464,11.60076,54.60857142858
15.98,63.11,0.499600000000015,0,638.81,4579.88,-2.4079999999999,-0.20068400000001,8.43800000005501e-06,-0.6,21.9200000000001,-1.31332000000002,0.14,1.284,10.973452,14.5885714285687
3.77999999999997,62.94,0.249799999999993,0,455.68,2289.94,-1.20400000000018,-0.100341999999998,4.21900000002751e-06,-0.299999999999999,10.96,0.786479999999997,-0.07,0.641999999999999,10.659798,79.1885714285745
-1.50999999999999,62.44,0.249799999999993,0,511.42,2289.94,-1.20399999999972,-0.100341999999998,4.21900000002751e-06,-0.300000000000001,10.96,0.535840000000007,-0.0600000000000001,0.641999999999999,10.346144,150.799999999996
0.180000000000007,62.58,0.249799999999993,0,173.76,2289.94,-1.20400000000018,-0.100341999999998,4.21900000002751e-06,-0.300000000000001,10.96,-0.63964,0.04,0.642000000000001,10.03249,91.3742857142861
5.66,58.26,0.442000000000007,0.01,553.21,105.166666666699,5.58333333332985,-0.0166499999999985,0.0019731356666699,-0.733333333333299,19.0333333333301,0.0234799999999922,0.04,1.3366666666667,9.41893333333333,11.3599999999933
-3.63999999999999,58.46,0.221000000000004,0.005,374.22,52.5833333333012,2.79166666667015,-0.00832499999999925,0.000986567833330065,-0.366666666666701,9.51666666666961,-0.572419999999994,-0.04,0.668333333333299,9.112155,-32.2742857142875
5.42999999999998,53.94,0.221000000000004,0.005,418.96,52.5833333332994,2.79166666667015,-0.00832499999999925,0.000986567833330065,-0.366666666666699,9.51666666667006,-1.05847,0.02,0.668333333333301,8.80537666666667,73.9542857142951
4.45000000000002,33.79,0.221000000000004,0.00499999999999999,426.28,52.5833333334012,2.79166666665969,-0.00832500000001346,0.000986567833339835,-0.366666666666601,9.51666666666006,-0.626149999999996,-0.01,0.668333333333399,8.49859833333333,-142.27714285715
8.19,30.28,0.221000000000004,0.005,147.96,52.5833333332994,2.7916666666697,-0.00832499999999925,0.000986567833330065,-0.366666666666699,9.51666666667006,-1.48002000000001,0.26,0.668333333333301,8.19182,38.5057142857113
-7.93000000000001,32.54,0.701999999999998,0.004,373.28,83,5.21600000000035,0.00694000000000017,0.00220068600000012,-0.32,17.4000000000001,-0.530720000000002,-0.21,0.443999999999999,7.27946,20.1257142857212
3.11000000000001,22.12,0.350999999999999,0.00199999999999999,300.34,41.5,2.60800000000017,0.00347000000000719,0.00110034300000006,-0.16,8.69999999999982,1.03830000000001,-0.0199999999999999,0.222000000000001,6.82328,40.5914285714243
-5.06,23.73,0.350999999999999,0.002,259.55,41.5,2.60800000000017,0.00346999999999298,0.00110034299999984,-0.16,8.70000000000027,0.00495999999999697,-0.04,0.222,6.3671,93.6942857142931
6.04999999999998,24.35,0.350999999999999,0.002,103.98,41.5,2.60800000000017,0.00347000000000719,0.00110034300000006,-0.16,8.69999999999982,-0.278819999999996,0.03,0.222,5.91092,253.457142857143
2.88,24.27,0.99199999999999,0.004,212.54,44.5200000000004,6.09999999999945,0.0809919999999948,0.00137880400000001,-0.719999999999999,17.1999999999998,-0.299500000000009,-0.04,0.172000000000001,6.872376,159.619999999995
2.24000000000001,23.44,0.496000000000009,0.002,352.74,22.2599999999984,3.05000000000018,0.0404960000000045,0.000689401999999895,-0.360000000000001,8.60000000000036,-0.491339999999994,-0.01,0.0860000000000003,7.353104,77.6371428571438
-0.5,22.18,0.496000000000009,0.002,297.02,22.260000000002,3.05000000000018,0.0404960000000045,0.000689402000000117,-0.359999999999999,8.59999999999991,-1.09941999999999,-0.03,0.0860000000000003,7.833832,27.3142857142884
7.11000000000001,21.27,0.495999999999981,0.002,91.15,22.2599999999984,3.05000000000018,0.0404959999999903,0.000689401999999895,-0.359999999999999,8.59999999999991,-0.380220000000008,-0.0299999999999999,0.0859999999999985,8.31456,82.9999999999927
1.17999999999998,18.73,0.91833333333301,-0.0033333333333333,353.43,93.3666666667013,5.70999999999913,0.104483333333306,0.000509105666669951,-0.16666666666667,10.86666666667,-0.170959999999994,0.14,0.1533333333333,6.97941333333333,-67.4400000000023
1.24000000000001,13.13,0.459166666666988,-0.00166666666666671,324.57,46.6833333332979,2.85500000000047,0.0522416666667027,0.00025455283332998,-0.0833333333333304,5.43333333333021,-0.505859999999998,-0.07,0.0766666666667017,6.31184,221.72571428572
5.46000000000001,13.73,0.459166666667016,-0.00166666666666671,217.76,46.6833333333016,2.85499999999956,0.0522416666666885,0.000254552833330202,-0.0833333333333304,5.43333333332976,-0.159739999999999,0.1,0.0766666666667,5.64426666666667,91.7800000000061
-4.23000000000002,12.31,0.918333333332981,-0.0033333333333333,71.92,93.3666666666977,5.71000000000004,0.104483333333306,0.000509105666669951,-0.16666666666667,10.86666666667,-0.663085000000009,-0.01,0.153333333333297,4.30912,295.694285714279
-4.32999999999998,13.13,1.2064,0,398.91,79.4400000000023,0.716000000000349,0.0596919999999983,0.000182265199999865,-0.4,18.8000000000002,0.112925000000004,-0.0499999999999999,-0.131999999999998,4.786408,102.425714285717
-0.0300000000000011,12.9,0.603200000000015,0,245.27,39.7199999999975,0.358000000000175,0.0298460000000063,9.11326000001544e-05,-0.2,9.40000000000009,-0.441400000000002,0.0199999999999999,-0.0659999999999989,5.025052,-52.9514285714322
-2.13,13.22,0.603199999999987,0,126.1,39.7200000000012,0.358000000000175,0.029845999999992,9.11325999999324e-05,-0.2,9.39999999999964,1.76608,-0.0299999999999999,-0.0660000000000007,5.263696,65.2685714285763
3.42999999999998,13.69,0.603200000000015,0,74.58,39.7200000000012,0.357999999999265,0.0298460000000063,9.11325999999324e-05,-0.199999999999999,9.40000000000009,-0.916520000000006,0.0399999999999999,-0.0660000000000007,5.50234,1079.18
6.93000000000001,15.52,1.00399999999999,0,388.62,100.759999999998,6.13200000000052,-0.0172960000000018,-0.000268335199999914,-0.0800000000000001,16.5999999999999,-0.689734999999999,0.0800000000000001,-0.18,5.320424,827.768571428576
0.230000000000018,14.88,0.50200000000001,0,141.19,50.380000000001,3.0659999999998,-0.00864799999999377,-0.000134167600000179,-0.04,8.30000000000018,-0.275664999999989,-0.04,-0.0899999999999999,5.229466,425.239999999991
-0.710000000000008,14.98,0.501999999999981,0,167.77,50.380000000001,3.0659999999998,-0.00864800000000798,-0.000134167599999957,-0.04,8.30000000000018,-0.240880000000004,0.1,-0.0899999999999999,5.138508,1323.53142857143
2.41999999999999,24.67,0.50200000000001,0,127.36,50.3799999999974,3.06600000000071,-0.00864799999999377,-0.000134167599999957,-0.04,8.29999999999973,-0.17962,-0.02,-0.0899999999999999,5.04755,1580.66571428571
4.06,24.27,0.410799999999995,0,359.14,43.5800000000017,5.01599999999962,0.000615999999993733,0.000206736400000018,0,7.46000000000004,-0.894860000000008,0.0700000000000001,0.109999999999999,4.953906,452.902857142857
-0.0900000000000034,23.2,0.410799999999995,0,218.9,43.5799999999981,5.01599999999962,0.000616000000007944,0.000206736400000018,0,7.46000000000004,-0.541619999999995,-0.0600000000000001,0.109999999999999,4.860262,538.860000000001
4.95000000000002,23.43,0.410800000000023,0,359.33,43.5800000000017,5.01600000000053,0.000615999999993733,0.000206736400000018,0,7.46000000000004,-0.174313333333316,0.01,0.109999999999999,4.766618,332.605714285724
3.32999999999998,22.77,0.821599999999989,0,159.24,87.1599999999999,10.0320000000002,0.00123200000000168,0.000413472800000037,0,14.9200000000001,-1.24406666666668,0.13,0.220000000000002,4.57933,58.1628571428591
-1.32999999999998,23.12,0.830800000000011,0,202.2,108.560000000001,-1.59600000000046,0.00243999999999289,0.00186990799999998,-0.16,32.1599999999999,-0.174300000000002,-0.08,0.447999999999997,4.394286,308.362857142849
3.28999999999999,22.15,0.415399999999977,0,139.29,54.2799999999988,-0.797999999999774,0.00122000000000355,0.000934954000000099,-0.0800000000000001,16.0799999999999,-0.367319999999992,0.0599999999999999,0.224,4.301764,335.008571428574
-0.650000000000006,22.25,0.415400000000005,0,147.55,54.2799999999988,-0.797999999999774,0.00122000000000355,0.000934953999999877,-0.0800000000000001,16.0799999999999,0.380719999999997,-0.0199999999999999,0.224,4.209242,331.785714285717
6.43000000000001,15.16,1.33873333333301,-0.0033333333333333,223.57,142.413333333301,-3.94133333333048,0.047903333333295,0.0029488740000001,-0.11333333333333,23.4466666666704,-0.612800000000007,0.18,0.157333333333302,4.03050333333333,574.677142857137
-2.19,9.5,0.461666666666986,-0.00166666666666669,149.93,44.0666666666984,-1.57166666666944,0.0233416666667097,0.00100696,-0.0166666666666702,3.68333333332976,-0.0507333333333122,-0.01,-0.0333333333332995,3.987395,244.914285714287
3.82999999999998,9.3,0.461666666667014,-0.00166666666666671,192,44.0666666667021,-1.57166666667035,0.0233416666666955,0.00100696,-0.0166666666666702,3.68333333333021,0.448513333333324,-0.01,-0.0333333333332995,3.94428666666667,265.534285714282
-6.89999999999998,13.29,0.461666666665991,-0.00166666666666659,248.96,44.0666666666002,-1.57166666666035,0.023341666666596,0.00100696,-0.0166666666666595,3.68333333333976,0.119119999999995,0,-0.0333333333334025,3.90117833333333,314.944761904764
10.12,16.02,0.461666666667014,-0.00166666666666671,190.39,44.0666666666984,-1.57166666666944,0.0233416666666955,0.00100696,-0.0166666666666702,3.68333333333021,0.437039999999996,0.0799999999999998,-0.0333333333332995,3.85807,280.389523809521
3.38,15.99,1.9984,-0.004,180,108.600000000002,-1.70000000000073,0.147008,0.00314407839999986,-0.04,17.3199999999997,-0.706360000000004,0.03,1.128,4.621998,313.454285714288
-1.52000000000001,16.01,0.999199999999973,-0.002,152.79,54.2999999999993,-0.849999999999454,0.073504000000014,0.00157203920000004,-0.0200000000000005,8.66000000000031,0.239720000000005,0.14,0.564,5.003962,358.368571428575
-5.88999999999999,17.66,0.999200000000002,-0.002,132.3,54.2999999999993,-0.850000000000364,0.0735039999999998,0.00157203920000004,-0.0199999999999996,8.65999999999985,0.143919999999994,0.12,0.564,5.385926,544.265714285713
0.669999999999987,17.59,0.999200000000002,-0.00199999999999999,324.05,54.2999999999993,-0.849999999999454,0.0735039999999998,0.00157203920000004,-0.0200000000000005,8.65999999999985,0.795860000000005,0.0900000000000001,0.564,5.76789,583.568571428565
6.65000000000001,18.64,2.23840000000001,0,108.34,119.920000000002,7.5639999999994,0.0980519999999956,0.00367399800000001,0,24.04,0.693219999999997,0.0799999999999998,-0.280000000000001,5.26707,278.842857142867
-2.14000000000001,18.47,1.11920000000001,0,206.85,59.9599999999991,3.78200000000015,0.0490259999999978,0.00183699900000001,0,12.0200000000004,-0.530419999999992,0.0900000000000001,-0.140000000000001,5.01666,274.474285714285
1.21000000000001,18.16,1.11919999999998,0,275.36,59.9599999999991,3.78200000000015,0.0490259999999978,0.00183699900000001,0,12.02,0.520160000000018,-0.05,-0.139999999999997,4.76625,364.857142857145
2.81,17.96,1.11920000000001,0,233.3,59.9599999999991,3.78200000000015,0.0490259999999978,0.00183699900000001,0,12.02,-0.0894000000000261,0.05,-0.140000000000001,4.51584,396.177142857137
4.85999999999999,15.63,2.24880000000002,-0.004,112.82,133.600000000002,16.7839999999997,-0.0235639999999933,0.0036132432,-0.119999999999999,15.2799999999997,-0.392060000000001,-0.0600000000000001,0.263999999999999,4.734044,410.891428571427
3.01000000000002,12.28,1.12439999999998,-0.002,111.93,66.7999999999993,8.39199999999983,-0.0117819999999966,0.00180662159999989,-0.0600000000000005,7.63999999999987,-0.722319999999996,-0.0899999999999999,0.132000000000001,4.843146,434.017142857148
0.0600000000000023,12.08,1.12440000000001,-0.002,70.82,66.7999999999993,8.39200000000073,-0.0117820000000108,0.00180662160000011,-0.0599999999999996,7.64000000000033,-0.372280000000003,-0.01,0.131999999999998,4.952248,523.857142857145
1.53999999999999,8.48,1.12440000000001,-0.002,208.61,66.7999999999993,8.39199999999983,-0.0117819999999966,0.00180662159999989,-0.0600000000000005,7.63999999999987,-0.098639999999989,0,0.132000000000001,5.06135,693.451428571425
-3.21000000000001,9.89,1.90800000000002,0.0066666666666667,94.65,30.3666666667013,10.3533333333298,-0.0701999999999998,0.00351732833333007,0.0333333333333306,7.73333333332994,-0.666180000000011,0.0699999999999998,0.129999999999999,5.35957,687.877142857142
-0.569999999999993,7.9,0.953999999999951,0.00333333333333331,53.8,15.1833333333016,5.17666666666992,-0.0350999999999999,0.00175866416667003,0.0166666666666693,3.86666666666997,-0.25251999999999,-0.00999999999999979,0.0650000000000013,5.50868,769.142857142855
3.12,7.43,0.954000000000008,0.0033333333333333,80.84,15.1833333332979,5.17666666666992,-0.0350999999999999,0.00175866416666981,0.0166666666666702,3.86666666666997,-0.0921400000000006,-0.04,0.0649999999999977,5.65779,698.322857142855
1.29999999999998,7.43,1.90800000000002,0.0066666666666667,139.81,30.3666666667013,10.3533333333298,-0.0701999999999998,0.00351732833333007,0.0333333333333306,7.73333333332994,-0.144940000000005,-0.03,0.130000000000003,5.95601,1040.15142857143
1.63000000000002,7.23,1.73320000000001,0.00799999999999999,127.53,70.1599999999999,5.55200000000059,-0.187867999999995,0.00220574920000005,-0.2,4.12000000000035,0.0574200000000076,-0.0900000000000001,-0.0960000000000001,4.835534,465.242857142861
-4.27000000000001,7.71,0.866600000000005,0.004,109.37,35.0799999999981,2.77599999999984,-0.0939340000000044,0.00110287459999991,-0.100000000000001,2.05999999999995,1.41951999999999,-0.01,-0.0480000000000018,4.275296,518.805714285714
5.80000000000001,9.12,0.866600000000005,0.004,100,35.0800000000017,2.77599999999984,-0.0939340000000044,0.00110287460000014,-0.0999999999999996,2.05999999999995,0.135360000000006,0.0900000000000001,-0.0479999999999983,3.715058,358.905714285705
2.72,9.33,0.866600000000005,0.004,124.29,35.0799999999981,2.77599999999984,-0.0939339999999902,0.00110287459999991,-0.0999999999999996,2.05999999999995,0.508664999999993,-0.11,-0.0480000000000018,3.15482,530.648571428581
0.609999999999985,9.28,1.31,-0.004,192.35,79.8400000000001,15.192,-0.228436000000002,0.00095183040000002,-0.0800000000000001,3.92000000000007,0.0781550000000095,-0.0799999999999998,0.0800000000000018,3.409044,515.217142857138
-3.49000000000001,10.12,0.654999999999973,-0.002,153.82,39.9200000000019,7.59600000000046,-0.114218000000008,0.00047591520000001,-0.04,1.96000000000004,0.432819999999978,-0.05,0.0399999999999991,3.536156,380.974285714285
5.07000000000002,10.19,0.654999999999973,-0.002,91.1,39.9199999999983,7.59599999999955,-0.114217999999994,0.00047591520000001,-0.04,1.96000000000004,-0.0377999999999901,-0.02,0.0399999999999991,3.663268,340.391428571435
1.41,10.05,0.65500000000003,-0.002,104.8,39.9200000000019,7.59600000000046,-0.114217999999994,0.00047591520000001,-0.04,1.96000000000004,-0.413419999999988,0.01,0.0399999999999991,3.79038,309.299999999996
1.28,10.05,0.531200000000013,-0.002,241.48,26.3400000000001,5.28600000000006,-0.0599620000000129,0.000626959199999888,-0.0800000000000001,5.79999999999973,0.41861999999999,0.01,0.054000000000002,4.518818,256.954285714281
-2.03999999999999,10.44,0.531200000000013,-0.002,91.76,26.3400000000001,5.28600000000006,-0.0599619999999987,0.00062695920000011,-0.0800000000000001,5.80000000000018,0.505499999999998,-0.04,0.0539999999999985,5.247256,130.371428571438
4.61999999999998,9.44,0.531199999999956,-0.00199999999999999,304.68,26.3400000000001,5.28600000000006,-0.0599619999999987,0.000626959199999888,-0.0800000000000001,5.79999999999973,-0.140239999999991,0.05,0.054000000000002,5.975694,206.348571428571
1.56,8.23,1.06240000000003,-0.004,115.22,52.6800000000003,10.5719999999992,-0.119923999999997,0.0012539184,-0.16,11.6000000000004,-0.881560000000007,0.01,0.107999999999997,7.43257,502.851428571426
-4.20999999999998,9.41,0.886399999999981,0,134.96,67.6800000000003,6.1200000000008,-0.0749119999999976,0.00384613760000008,-0.12,21.1999999999998,0.25330000000001,0.01,0.264000000000003,6.718358,337.040000000008
-1.04000000000002,9.51,0.44319999999999,0,106.93,33.8399999999965,3.05999999999949,-0.0374560000000059,0.00192306880000004,-0.0599999999999996,10.5999999999999,0.475259999999992,0.04,0.131999999999998,6.361252,324.159999999996
0.599999999999994,8.6,0.443200000000047,0,98.64,33.8400000000001,3.0600000000004,-0.0374559999999917,0.00192306880000004,-0.0600000000000005,10.5999999999999,0.250579999999999,0.0899999999999999,0.132000000000001,6.004146,260.002857142856
-4.51999999999998,8.53,0.44319999999999,0,283.14,33.8400000000001,3.05999999999949,-0.0374560000000059,0.00192306879999982,-0.0599999999999996,10.6000000000004,0.674599999999998,0.01,0.131999999999998,5.64704,479.637142857136
1.26999999999998,8.63,0.792666666667003,0,399.87,71.7666666667028,14.3299999999999,-0.0543033333332943,0.00191125533333003,-0.0999999999999996,13.3333333333298,0.0623350000000045,0.14,0.00666666666670324,4.76416666666667,393.885714285716
4.34,9.39,0.396333333332962,0,65.19,35.8833333332987,7.16499999999996,-0.0271516666666969,0.000955627666670011,-0.0500000000000007,6.66666666667015,-0.736414999999994,-0.04,0.00333333333329833,4.32273,393.240000000005
3.63000000000002,9.89,0.396333333333018,0,101.73,35.8833333332987,7.16499999999996,-0.0271516666667111,0.000955627666670011,-0.0499999999999998,6.6666666666697,-0.169139999999999,0.0799999999999998,0.00333333333329833,3.88129333333333,488.328571428567
2.54999999999998,9.7,0.396333333333985,0,77.35,35.8833333334005,7.16499999999996,-0.0271516666665974,0.000955627666660019,-0.0499999999999998,6.66666666666015,0.535179999999997,-0.0999999999999999,0.00333333333340136,3.43985666666667,335.924761904767
5.45000000000002,9.94,0.396333333333018,0,308.7,35.8833333333023,7.16499999999996,-0.0271516666666969,0.000955627666670011,-0.0499999999999998,6.66666666667015,0.122059999999991,-0.1,0.00333333333330188,2.99842,417.940952380952
-0.610000000000014,10.02,1.03199999999998,0,96.07,98.239999999998,14.0520000000006,-0.0407119999999992,0.00144124680000002,-0.12,12.7199999999998,-0.197509999999994,0.13,-0.360000000000003,3.23036,503.622857142851
-0.27000000000001,8.73,0.51600000000002,0,107.9,49.119999999999,7.02599999999984,-0.0203560000000067,0.000720623399999898,-0.0600000000000005,6.36000000000013,0.944389999999999,-0.04,-0.18,3.34633,603.828571428574
-5.48999999999998,10.5,0.51600000000002,0,92.12,49.1200000000026,7.02599999999984,-0.0203559999999925,0.00072062340000012,-0.0599999999999996,6.35999999999967,1.10556,-0.0600000000000001,-0.18,3.4623,345.814285714281
-4.80000000000001,11.67,0.515999999999963,0,229.15,49.119999999999,7.02599999999984,-0.0203560000000067,0.000720623399999898,-0.0600000000000001,6.36000000000013,-0.0815599999999961,-0.14,-0.18,3.57827,639.345714285722
8.34,12.7,1.35239999999999,0,90.39,4.11999999999898,-0.0360000000000582,-0.0943680000000029,0.00395920960000007,0.04,114.04,-0.257499999999979,0.15,0.196000000000002,3.65883,442.919999999998
-4.09,13.68,0.676200000000051,0,103.8,2.06000000000131,-0.0180000000000291,-0.0471839999999872,0.00197960480000003,0.02,57.02,0.23269999999998,-0.0900000000000001,0.097999999999999,3.69911,517.462857142862
5.22999999999999,13.86,0.676199999999994,0,130.79,2.06000000000131,-0.0180000000000291,-0.0471840000000014,0.00197960480000003,0.02,57.02,-0.465040000000002,0.0900000000000001,0.097999999999999,3.73939,801.802857142859
-4.55999999999997,14.46,0.676199999999994,0,169.59,2.05999999999767,-0.0180000000000291,-0.0471840000000014,0.00197960480000003,0.02,57.02,-0.2761,0.28,0.0980000000000025,3.77967,1341.9657142857
-1.09,13.35,1.74733333333296,0,57.28,9.10000000000218,1.85666666667021,-0.102876666666702,0.0036115553333298,-0.06666666666667,7.10000000000036,-0.659440000000004,0,0.16,4.30719,1320.60857142857
-14.11,18.44,0.87366666666702,0,169.9,4.54999999999927,0.928333333330556,-0.0514383333332944,0.00180577766667001,-0.0333333333333301,3.54999999999973,0.00639000000001033,-0.02,0.0799999999999983,4.57095,1391.62285714287
1.18000000000001,18.63,0.87366666666702,0,52.51,4.54999999999927,0.928333333329647,-0.0514383333333086,0.00180577766667001,-0.0333333333333301,3.55000000000018,0.87433,0.03,0.0800000000000018,4.83471,1721.50571428571
3.97999999999999,19.05,1.74733333333296,0,157.01,9.09999999999854,1.85666666667021,-0.102876666666702,0.00361155533333002,-0.06666666666667,7.09999999999991,-0.370640000000009,0.14,0.159999999999997,5.36223,1912.45428571428
-3.13,18.81,3.13480000000004,0.048,155.44,52.4000000000015,10.5199999999995,-0.0953760000000017,0.00639279040000007,-0.0799999999999996,6.67999999999984,-0.212620000000001,0.03,0.16,5.254274,2042.53714285714
-3.56999999999999,16.39,1.56739999999996,0.024,109.46,26.2000000000007,5.26000000000022,-0.0476879999999937,0.00319639520000004,-0.04,3.34000000000015,-0.132144999999994,-0.02,0.0800000000000018,5.200296,1959.27142857143
2.03999999999999,16.68,1.56740000000002,0.024,180.27,26.2000000000007,5.26000000000022,-0.0476879999999937,0.00319639520000004,-0.04,3.34000000000015,0.404605000000004,0.05,0.0799999999999983,5.146318,2615.74285714286
-3.44999999999999,15.32,1.56740000000002,0.024,146.6,26.1999999999971,5.26000000000022,-0.0476880000000079,0.00319639520000004,-0.04,3.33999999999969,1.19832,-0.25,0.0800000000000018,5.09234,2058.45142857144
-5.97,15.4,2.67039999999997,0.052,352.88,-5.11999999999898,12.5599999999995,-0.0667600000000022,0.0027086664,0,5.5600000000004,0.744339999999994,0.27,-0.120000000000001,4.83256,2105.40857142856
13.19,21.84,1.33519999999999,0.026,154.33,-2.56000000000131,6.27999999999975,-0.033379999999994,0.00135433319999989,0,2.77999999999975,-0.623459999999994,0.15,-0.0599999999999987,4.70267,646.97714285714
2.91,22.17,1.33520000000004,0.026,137.53,-2.55999999999767,6.28000000000065,-0.0333800000000082,0.00135433320000011,0,2.7800000000002,-0.428659999999994,0.34,-0.0600000000000023,4.57278,684.211428571449
0.490000000000009,17.06,1.33519999999999,0.026,192.08,-2.56000000000131,6.27999999999975,-0.033379999999994,0.00135433319999989,0,2.77999999999975,-0.260300000000001,-0.11,-0.0599999999999987,4.44289,-343.877142857149
-3.89000000000001,17.62,1.91320000000002,0.176,90.43,-5.07999999999811,16.8720000000003,-0.163291999999998,0.00537851720000004,0,4.63999999999987,0.671199999999999,0.33,-0.251999999999999,5.754826,-202.234285714294
-10.47,18.41,1.91319999999996,0.176,148.56,-5.08000000000175,16.8719999999994,-0.163291999999998,0.00537851720000004,0,4.64000000000033,2.53855999999999,0.19,-0.252000000000002,7.066762,-1388.24000000001
-8.27000000000001,19.14,0.956600000000037,0.088,111.08,-2.54000000000087,8.4360000000006,-0.0816460000000063,0.00268925860000002,0,2.31999999999971,0.74512,0.23,-0.125999999999998,7.72273,-981.102857142847
-5.04999999999998,19.45,0.355199999999968,0.088,140,-6.18000000000029,9.40999999999985,-0.0817320000000024,0.00338794259999986,0,1.86000000000013,0.958880000000008,-0.2,0.146000000000001,7.450824,-964.471428571429
-5.58000000000001,19.47,0.355200000000025,0.088,184.23,-6.17999999999665,9.40999999999985,-0.0817319999999881,0.00338794260000008,0,1.86000000000013,-0.883160000000004,-0.14,0.145999999999997,7.178918,-633.145714285725
12.75,20,0.355199999999968,0.0880000000000001,247.4,-6.18000000000029,9.40999999999985,-0.0817320000000024,0.00338794259999986,0,1.86000000000013,-1.21187999999999,-0.0499999999999998,0.146000000000001,6.907012,-1049.09999999999
-2.22999999999999,19.37,0.710399999999993,0.176,235.1,-12.3600000000006,18.8199999999997,-0.163464000000005,0.00677588520000016,0,3.7199999999998,-0.305640000000011,0.22,0.292000000000002,6.3632,-814.397142857153
-10.41,21.02,-0.478399999999965,0.188,95.37,-7.95999999999913,8.36000000000058,-0.0112239999999986,-5.90672000000403e-05,-0.04,10.2800000000002,1.64674000000001,0.2,-0.0640000000000001,6.558256,-559.90571428572
-11.72,23.29,-0.239200000000039,0.0940000000000001,140.82,-3.9800000000032,4.18000000000029,-0.00561199999999928,-2.95336000000201e-05,-0.02,5.13999999999987,0.985734999999991,0.0800000000000001,-0.032,6.655784,-878.859999999986
11.48,29.14,-0.239199999999983,0.0940000000000001,96.97,-3.97999999999956,4.17999999999938,-0.00561199999999928,-2.95336000000201e-05,-0.02,5.13999999999987,-0.537234999999995,-0.11,-0.032,6.753312,-956.220000000001
-4.57999999999998,28.98,-0.239199999999983,0.0939999999999999,57.41,-3.97999999999956,4.18000000000029,-0.00561199999999928,-2.95336000000201e-05,-0.02,5.13999999999987,1.942735,-0.24,-0.032,6.85084,-788.891428571427
4.01999999999998,29.17,-1.15966666666702,0.21666666666667,52.82,-36.5999999999985,16.29,0.088986666666699,-0.000147668666669931,0.06666666666667,4.16666666667015,0.83554500000001,0.21,-0.123333333333299,5.54623333333333,-708.682857142863
-2.12,29.19,-0.579833333332999,0.10833333333333,210.77,-18.2999999999993,8.14499999999953,0.0444933333332926,-7.38343333299696e-05,0.0333333333333301,2.08333333332985,-0.465500000000006,-0.17,-0.061666666666703,4.89393,-564.197142857141
5.39000000000001,29.7,-0.579833333332999,0.10833333333333,138.82,-18.3000000000029,8.14500000000044,0.0444933333333069,-7.38343333299696e-05,0.0333333333333301,2.0833333333303,-0.315520000000006,-0.14,-0.0616666666666994,4.24162666666667,-674.502857142856
8.34999999999999,30.25,-0.579833333333966,0.10833333333334,130.23,-18.2999999999993,8.14499999999953,0.0444933333333921,-7.38343333401836e-05,0.0333333333333399,2.08333333333985,-0.728099999999998,-0.15,-0.0616666666665999,3.58932333333333,-858.186666666661
1.43000000000001,26.93,-0.579833333332999,0.10833333333333,139.45,-18.2999999999993,8.14500000000044,0.0444933333333069,-7.38343333299696e-05,0.0333333333333301,2.08333333332985,0.2029,0.2,-0.0616666666666994,2.93702,-207.259047619053
7.25999999999999,27.76,-1.27960000000002,0.0920000000000001,227.88,-79.6399999999994,11.2280000000001,0.0876679999999936,0.00107502800000003,-0.0800000000000001,4.76000000000022,-0.722079999999991,0.0100000000000002,-0.0199999999999996,3.521672,-563.508571428567
-3.15000000000001,24.86,-0.639800000000037,0.0459999999999998,145.63,-39.8199999999997,5.61399999999958,0.0438340000000039,0.000537514000000128,-0.04,2.38000000000011,0.864539999999991,0.13,-0.0100000000000016,3.813998,-549.11714285714
-8.01999999999998,21.78,-0.63979999999998,0.0459999999999998,169.02,-39.8199999999997,5.61400000000049,0.0438340000000039,0.000537513999999906,-0.04,2.37999999999965,1.05272000000001,0.0600000000000001,-0.00999999999999801,4.106324,-234.471428571444
-7.06,20.09,-0.63979999999998,0.0460000000000003,115.26,-39.8199999999997,5.61399999999958,0.0438340000000039,0.000537513999999906,-0.04,2.38000000000011,1.271095,0.16,-0.0100000000000016,4.39865,-584.388571428572
7.73999999999998,20.65,-0.70920000000001,0.208,189.05,-72.2400000000016,12.5360000000001,0.0456919999999883,0.00203192200000024,0.0800000000000001,-1.51999999999998,-0.316775000000007,0.12,-0.116,5.537238,-224.088571428569
-9.81999999999999,23.57,-0.354600000000005,0.104,118.58,-36.119999999999,6.26800000000003,0.0228460000000013,0.00101596099999979,0.04,-0.759999999999764,1.00996000000001,0.13,-0.0579999999999998,6.106532,-462.508571428567
-10.37,26.37,-0.354600000000005,0.104,139.2,-36.1200000000026,6.26800000000003,0.0228460000000013,0.00101596100000001,0.04,-0.760000000000218,2.5162,0.24,-0.0579999999999998,6.675826,-411.817142857137
-1.85999999999999,23.41,-0.354600000000005,0.104,120.25,-36.119999999999,6.26800000000003,0.0228460000000013,0.00101596100000001,0.04,-0.759999999999764,-0.726939999999999,0.19,-0.0579999999999998,7.24512,-817.091428571439
-2.98000000000002,22.95,-0.616333333332989,0.23333333333333,84.3,-43.4333333332979,15.9800000000005,0.0223433333332963,-0.000423316999999868,-0.0333333333333301,-4.3333333333303,1.04080499999999,0.13,-0.0766666666667,6.47728666666667,-383.374285714279
8.07000000000002,24.09,-0.308166666666978,0.11666666666667,120.4,-21.7166666666999,7.98999999999978,0.0111716666667121,-0.000211658500000045,-0.0166666666666702,-2.1666666666697,-0.0292850000000016,0.21,-0.0383333333332985,6.09337,-764.740000000005
7.79999999999998,26.8,-0.308166666667034,0.11666666666667,72.32,-21.7166666666999,7.98999999999978,0.0111716666666979,-0.000211658500000045,-0.0166666666666697,-2.16666666667015,-0.748859999999993,-0.2,-0.038333333333302,5.70945333333333,-406.059999999998
-6.34999999999999,26.49,-0.616333333332989,0.23333333333333,77.55,-43.4333333333016,15.9800000000005,0.0223433333332963,-0.00042331700000009,-0.0333333333333301,-4.33333333332985,0.110019999999992,0.140000000000001,-0.0766666666667,4.94162,-898.494285714289
11.22,28.96,-1.00279999999998,0.128,99.36,-55.0800000000017,10.1839999999993,0.0892759999999981,-0.00154250560000002,-0.04,-4.60000000000036,-2.31384999999999,-0.34,-0.0960000000000001,5.83434,-239.531428571427
-1.74000000000001,27.6,-0.501400000000046,0.0640000000000001,95.09,-27.5399999999972,5.09200000000055,0.0446380000000062,-0.0007712527999999,-0.02,-2.29999999999973,-1.17143,-0.00999999999999979,-0.0479999999999983,6.2807,-172.091428571424
3.12,25.43,-0.50139999999999,0.0639999999999996,125.51,-27.5400000000009,5.09199999999964,0.044637999999992,-0.0007712527999999,-0.02,-2.30000000000018,-0.0233450000000062,-0.12,-0.0480000000000018,6.72706,-354.491428571433
2.45000000000002,21.24,-0.50139999999999,0.0640000000000001,91.97,-27.5400000000009,5.09200000000055,0.0446380000000062,-0.000771252800000122,-0.02,-2.29999999999973,-1.270915,-0.18,-0.0479999999999983,7.17342,-156.214285714275
-7.29000000000002,22.23,-0.645600000000002,0.0920000000000005,48.55,-103.799999999999,1.87199999999939,0.119503999999992,0.00400477599999993,-0.04,-107.08,-0.224580000000003,0.0500000000000003,0.327999999999999,7.023032,69.3742857142788
-4.00999999999999,23.03,-0.322799999999972,0.0460000000000003,114.95,-51.9000000000015,0.936000000000604,0.0597520000000031,0.00200238800000019,-0.02,-53.54,0.190660000000008,-0.0800000000000001,0.163999999999998,6.947838,-331.868571428568
-1.27000000000001,22.64,-0.322800000000029,0.0459999999999994,98.69,-51.8999999999978,0.935999999999694,0.0597520000000031,0.00200238799999997,-0.02,-53.54,-0.428115000000005,0.27,0.164000000000001,6.872644,-240.340000000011
2.62,18.93,-0.322799999999972,0.0460000000000003,433.38,-51.9000000000015,0.935999999999694,0.0597520000000031,0.00200238799999997,-0.02,-53.54,-0.327799999999996,-0.19,0.164000000000001,6.79745,-114.602857142847
