DATE,Uncertainty
01/01/2017,235.1
02/01/2017,242.04
03/01/2017,89.85
04/01/2017,101.99
05/01/2017,134.47
06/01/2017,96.97
07/01/2017,110.23
08/01/2017,272.01
09/01/2017,121.76
10/01/2017,121.9
11/01/2017,124.56
12/01/2017,113.32
13/01/2017,135.56
14/01/2017,111.9
15/01/2017,188.29
16/01/2017,114.17
17/01/2017,160.96
18/01/2017,135.59
19/01/2017,95.56
20/01/2017,141.55
21/01/2017,151.63
22/01/2017,185.71
23/01/2017,154.77
24/01/2017,136.15
25/01/2017,175.14
26/01/2017,89.25
27/01/2017,135.05
28/01/2017,152.15
29/01/2017,186.22
30/01/2017,115.06
31/01/2017,139.29
01/02/2017,158.28
02/02/2017,113.53
03/02/2017,131.28
04/02/2017,88.69
05/02/2017,211.26
06/02/2017,150.83
07/02/2017,121.82
08/02/2017,118.99
09/02/2017,74.34
10/02/2017,231.24
11/02/2017,57.47
12/02/2017,162.36
13/02/2017,77.85
14/02/2017,120.2
15/02/2017,130.16
16/02/2017,89.07
17/02/2017,143.29
18/02/2017,87.44
19/02/2017,123.54
20/02/2017,66.08
21/02/2017,87.54
22/02/2017,226.71
23/02/2017,84.74
24/02/2017,99
25/02/2017,35.04
26/02/2017,121.6
27/02/2017,117.37
28/02/2017,114.25
01/03/2017,111.9
02/03/2017,125.27
03/03/2017,88.91
04/03/2017,89.26
05/03/2017,128.58
06/03/2017,104.29
07/03/2017,71.17
08/03/2017,124.51
09/03/2017,95.37
10/03/2017,81.65
11/03/2017,107.41
12/03/2017,167.79
13/03/2017,56.5
14/03/2017,122.3
15/03/2017,159.48
16/03/2017,91.44
17/03/2017,152.01
18/03/2017,91.27
19/03/2017,153.52
20/03/2017,161.69
21/03/2017,184.47
22/03/2017,65.8
23/03/2017,48.67
24/03/2017,106.37
25/03/2017,103.58
26/03/2017,152.82
27/03/2017,83.12
28/03/2017,89.73
29/03/2017,66.64
30/03/2017,91.55
31/03/2017,221.37
01/04/2017,208.81
02/04/2017,164.7
03/04/2017,115.76
04/04/2017,103.95
05/04/2017,75.28
06/04/2017,82.38
07/04/2017,67.93
08/04/2017,81.5
09/04/2017,90.35
10/04/2017,118.06
11/04/2017,41.86
12/04/2017,79.49
13/04/2017,59.73
14/04/2017,116.71
15/04/2017,74.38
16/04/2017,119.43
17/04/2017,119.99
18/04/2017,71.39
19/04/2017,93.31
20/04/2017,55.86
21/04/2017,124.51
22/04/2017,106.1
23/04/2017,171.29
24/04/2017,144.04
25/04/2017,58.82
26/04/2017,70.4
27/04/2017,63.06
28/04/2017,62.79
29/04/2017,74.46
30/04/2017,224.35
01/05/2017,97.49
02/05/2017,89.58
03/05/2017,86.79
04/05/2017,184.47
05/05/2017,72.21
06/05/2017,107.43
07/05/2017,170.8
08/05/2017,113.15
09/05/2017,84.95
10/05/2017,67.32
11/05/2017,49.78
12/05/2017,129.4
13/05/2017,88.54
14/05/2017,59.2
15/05/2017,169.44
16/05/2017,118
17/05/2017,62.79
18/05/2017,89.48
19/05/2017,87.23
20/05/2017,54.92
21/05/2017,119.98
22/05/2017,83.62
23/05/2017,64.98
24/05/2017,76.1
25/05/2017,51.65
26/05/2017,62.91
27/05/2017,54.56
28/05/2017,96.91
29/05/2017,50.67
30/05/2017,45.36
31/05/2017,168.16
01/06/2017,100.04
02/06/2017,61.36
03/06/2017,91.58
04/06/2017,125.66
05/06/2017,274.58
06/06/2017,85.3
07/06/2017,46.07
08/06/2017,33.16
09/06/2017,65.8
10/06/2017,67.27
11/06/2017,149.93
12/06/2017,98.63
13/06/2017,144.57
14/06/2017,48.72
15/06/2017,67.05
16/06/2017,80.07
17/06/2017,91.38
18/06/2017,147.78
19/06/2017,75.3
20/06/2017,93.24
21/06/2017,90.96
22/06/2017,93.79
23/06/2017,135.04
24/06/2017,80.87
25/06/2017,92.98
26/06/2017,44.92
27/06/2017,93.1
28/06/2017,95.31
29/06/2017,65.45
30/06/2017,111.89
01/07/2017,129.61
02/07/2017,168.71
03/07/2017,101.66
04/07/2017,57.7
05/07/2017,57.04
06/07/2017,76.45
07/07/2017,160.41
08/07/2017,107.61
09/07/2017,120.39
10/07/2017,92.94
11/07/2017,85.23
12/07/2017,70.04
13/07/2017,73.54
14/07/2017,90.61
15/07/2017,49.96
16/07/2017,147.91
17/07/2017,92.6
18/07/2017,88.82
19/07/2017,51.42
20/07/2017,100.4
21/07/2017,73.36
22/07/2017,64.94
23/07/2017,134.15
24/07/2017,305.98
25/07/2017,162.68
26/07/2017,80.27
27/07/2017,40.48
28/07/2017,45.32
29/07/2017,74.67
30/07/2017,126.82
31/07/2017,80.96
01/08/2017,70.77
02/08/2017,57.38
03/08/2017,61
04/08/2017,63.9
05/08/2017,91.21
06/08/2017,94.98
07/08/2017,96.65
08/08/2017,56.87
09/08/2017,62.08
10/08/2017,66.59
11/08/2017,41.93
12/08/2017,134.54
13/08/2017,105.01
14/08/2017,88.94
15/08/2017,86.83
16/08/2017,47.71
17/08/2017,56.82
18/08/2017,60.34
19/08/2017,121.57
20/08/2017,89.23
21/08/2017,60.63
22/08/2017,74.28
23/08/2017,69.07
24/08/2017,42.9
25/08/2017,72.15
26/08/2017,49.31
27/08/2017,101.92
28/08/2017,80.49
29/08/2017,81.46
30/08/2017,42.02
31/08/2017,43.34
01/09/2017,57.53
02/09/2017,61.98
03/09/2017,102.58
04/09/2017,78.97
05/09/2017,142.33
06/09/2017,198.18
07/09/2017,88.44
08/09/2017,68.98
09/09/2017,71.97
10/09/2017,93.84
11/09/2017,94.13
12/09/2017,59.02
13/09/2017,71.31
14/09/2017,120.33
15/09/2017,72.36
16/09/2017,46.38
17/09/2017,121.57
18/09/2017,68.55
19/09/2017,58.25
20/09/2017,52.37
21/09/2017,55.35
22/09/2017,63.09
23/09/2017,77.2
24/09/2017,118.2
25/09/2017,105.42
26/09/2017,58.14
27/09/2017,63.54
28/09/2017,103.05
29/09/2017,107.61
30/09/2017,44.96
01/10/2017,67.15
02/10/2017,75.31
03/10/2017,52.47
04/10/2017,48.06
05/10/2017,40.99
06/10/2017,85.68
07/10/2017,35.77
08/10/2017,89.65
09/10/2017,42.94
10/10/2017,74.46
11/10/2017,60.44
12/10/2017,37.61
13/10/2017,63.88
14/10/2017,61.43
15/10/2017,65.84
16/10/2017,98.42
17/10/2017,49.38
18/10/2017,100.11
19/10/2017,82.48
20/10/2017,62.32
21/10/2017,59.05
22/10/2017,108.51
23/10/2017,136.2
24/10/2017,37.25
25/10/2017,60.11
26/10/2017,114.37
27/10/2017,87.39
28/10/2017,58.75
29/10/2017,105.5
30/10/2017,64.62
31/10/2017,50.39
01/11/2017,66.7
02/11/2017,85.31
03/11/2017,103.89
04/11/2017,63.24
05/11/2017,120.72
06/11/2017,92.35
07/11/2017,100.93
08/11/2017,67.48
09/11/2017,65.11
10/11/2017,56.77
11/11/2017,61.32
12/11/2017,170.54
13/11/2017,134.97
14/11/2017,107.88
15/11/2017,58.1
16/11/2017,83.79
17/11/2017,98.62
18/11/2017,52.98
19/11/2017,119.38
20/11/2017,79.5
21/11/2017,199.49
22/11/2017,52.93
23/11/2017,61.97
24/11/2017,34.88
25/11/2017,48.73
26/11/2017,105.07
27/11/2017,31.11
28/11/2017,206.63
29/11/2017,103.98
30/11/2017,101.48
01/12/2017,86.95
02/12/2017,93.82
03/12/2017,87.52
04/12/2017,101.07
05/12/2017,95.44
06/12/2017,57.79
07/12/2017,40.69
08/12/2017,63.52
09/12/2017,129.89
10/12/2017,87.45
11/12/2017,81.46
12/12/2017,66.43
13/12/2017,52.01
14/12/2017,32.59
15/12/2017,104.84
16/12/2017,95.65
17/12/2017,141.38
18/12/2017,94.77
19/12/2017,82.4
20/12/2017,57.2
21/12/2017,92.94
22/12/2017,72.69
23/12/2017,133.94
24/12/2017,158.85
25/12/2017,101.81
26/12/2017,106.31
27/12/2017,58.44
28/12/2017,63.24
29/12/2017,146.43
30/12/2017,45.33
31/12/2017,174.9
01/01/2018,178.3
02/01/2018,111.2
03/01/2018,52.45
04/01/2018,243.48
05/01/2018,108.68
06/01/2018,83.81
07/01/2018,164.82
08/01/2018,77.28
09/01/2018,157.58
10/01/2018,89.18
11/01/2018,111.72
12/01/2018,107.69
13/01/2018,171.33
14/01/2018,176.99
15/01/2018,272.42
16/01/2018,61.57
17/01/2018,61.83
18/01/2018,115.86
19/01/2018,88.34
20/01/2018,85.4
21/01/2018,132.01
22/01/2018,110.72
23/01/2018,74.52
24/01/2018,93.27
25/01/2018,77.97
26/01/2018,110
27/01/2018,109.21
28/01/2018,105.65
29/01/2018,85.23
30/01/2018,68.45
31/01/2018,71.84
01/02/2018,49.78
02/02/2018,61.2
03/02/2018,44
04/02/2018,145.1
05/02/2018,145.79
06/02/2018,92.59
07/02/2018,58.29
08/02/2018,89.29
09/02/2018,82.68
10/02/2018,138.06
11/02/2018,145.19
12/02/2018,80.89
13/02/2018,104.55
14/02/2018,107.01
15/02/2018,88.63
16/02/2018,80.52
17/02/2018,63.93
18/02/2018,103.24
19/02/2018,53.44
20/02/2018,80.15
21/02/2018,95.81
22/02/2018,50.25
23/02/2018,55.72
24/02/2018,42.18
25/02/2018,126.87
26/02/2018,68.6
27/02/2018,52.64
28/02/2018,46.68
01/03/2018,69.3
02/03/2018,39.63
03/03/2018,34.62
04/03/2018,98.68
05/03/2018,148.37
06/03/2018,133.87
07/03/2018,87.33
08/03/2018,57
09/03/2018,132.57
10/03/2018,67.61
11/03/2018,170.78
12/03/2018,107.4
13/03/2018,54.85
14/03/2018,79.61
15/03/2018,43.98
16/03/2018,110.96
17/03/2018,132.51
18/03/2018,83.03
19/03/2018,74.64
20/03/2018,79.32
21/03/2018,55.83
22/03/2018,57.36
23/03/2018,66.64
24/03/2018,53.2
25/03/2018,61.37
26/03/2018,89.77
27/03/2018,22.48
28/03/2018,26.48
29/03/2018,16.75
30/03/2018,44.07
31/03/2018,67.64
01/04/2018,111.65
02/04/2018,167.71
03/04/2018,88.73
04/04/2018,52.9
05/04/2018,109.08
06/04/2018,70.62
07/04/2018,106.96
08/04/2018,151.12
09/04/2018,275.14
10/04/2018,56.17
11/04/2018,79.88
12/04/2018,190.11
13/04/2018,141.34
14/04/2018,71.29
15/04/2018,84.7
16/04/2018,65.26
17/04/2018,65.55
18/04/2018,71.44
19/04/2018,46.61
20/04/2018,47.54
21/04/2018,19.59
22/04/2018,70.06
23/04/2018,66.91
24/04/2018,35.09
25/04/2018,108.69
26/04/2018,68.42
27/04/2018,25.82
28/04/2018,57.83
29/04/2018,65
30/04/2018,86.67
01/05/2018,101.87
02/05/2018,95.92
03/05/2018,57.16
04/05/2018,38.51
05/05/2018,175.19
06/05/2018,122.37
07/05/2018,96.74
08/05/2018,100.02
09/05/2018,62.2
10/05/2018,74.02
11/05/2018,78.27
12/05/2018,115.07
13/05/2018,71.37
14/05/2018,127.21
15/05/2018,42.73
16/05/2018,50.06
17/05/2018,74.49
18/05/2018,129.32
19/05/2018,118.29
20/05/2018,57.04
21/05/2018,87.84
22/05/2018,92.17
23/05/2018,171.23
24/05/2018,48.9
25/05/2018,102.1
26/05/2018,45.88
27/05/2018,75.5
28/05/2018,49.45
29/05/2018,50.44
30/05/2018,135.21
31/05/2018,77.32
01/06/2018,109.62
02/06/2018,110.85
03/06/2018,56.64
04/06/2018,80.79
05/06/2018,36.31
06/06/2018,37.98
07/06/2018,55.99
08/06/2018,112.51
09/06/2018,152.77
10/06/2018,170.95
11/06/2018,138.36
12/06/2018,235.59
13/06/2018,137.07
14/06/2018,96.72
15/06/2018,68.71
16/06/2018,82.17
17/06/2018,105.3
18/06/2018,79.32
19/06/2018,165.86
20/06/2018,222.05
21/06/2018,71.67
22/06/2018,80.35
23/06/2018,40.76
24/06/2018,85.36
25/06/2018,63.53
26/06/2018,218.91
27/06/2018,39.58
28/06/2018,89.28
29/06/2018,54.02
30/06/2018,114.66
01/07/2018,136.2
02/07/2018,80.26
03/07/2018,119.73
04/07/2018,87.2
05/07/2018,80.07
06/07/2018,184.49
07/07/2018,121.36
08/07/2018,164.84
09/07/2018,110.48
10/07/2018,81.98
11/07/2018,40.76
12/07/2018,84.92
13/07/2018,74.75
14/07/2018,54.33
15/07/2018,146.72
16/07/2018,89.31
17/07/2018,58.55
18/07/2018,75.12
19/07/2018,55.33
20/07/2018,132.11
21/07/2018,108.3
22/07/2018,156.61
23/07/2018,78.59
24/07/2018,77.37
25/07/2018,57.92
26/07/2018,104.65
27/07/2018,61.47
28/07/2018,99.78
29/07/2018,117.4
30/07/2018,153.38
31/07/2018,91.35
01/08/2018,57.71
02/08/2018,117.93
03/08/2018,87.73
04/08/2018,107.88
05/08/2018,141.99
06/08/2018,112.91
07/08/2018,72.24
08/08/2018,56.98
09/08/2018,69.96
10/08/2018,76.97
11/08/2018,44.22
12/08/2018,109.73
13/08/2018,88.52
14/08/2018,55.18
15/08/2018,20.08
16/08/2018,30.89
17/08/2018,62.36
18/08/2018,96.63
19/08/2018,96.59
20/08/2018,45.18
21/08/2018,81.92
22/08/2018,38.52
23/08/2018,89.75
24/08/2018,80.33
25/08/2018,139.94
26/08/2018,96.04
27/08/2018,108.44
28/08/2018,165.65
29/08/2018,92.96
30/08/2018,90.46
31/08/2018,121.46
01/09/2018,46.12
02/09/2018,98.8
03/09/2018,115.11
04/09/2018,74.36
05/09/2018,37.66
06/09/2018,68.5
07/09/2018,67.9
08/09/2018,89.41
09/09/2018,92.74
10/09/2018,47.25
11/09/2018,49.37
12/09/2018,40.31
13/09/2018,29.73
14/09/2018,36.1
15/09/2018,62.01
16/09/2018,103.72
17/09/2018,100.71
18/09/2018,71.72
19/09/2018,74.06
20/09/2018,54.24
21/09/2018,88.17
22/09/2018,74.22
23/09/2018,124.25
24/09/2018,89.13
25/09/2018,55.65
26/09/2018,37.16
27/09/2018,22.95
28/09/2018,52.38
29/09/2018,33.38
30/09/2018,83.77
01/10/2018,166.69
02/10/2018,130.93
03/10/2018,107.49
04/10/2018,119.36
05/10/2018,66.64
06/10/2018,66.47
07/10/2018,197.77
08/10/2018,112.49
09/10/2018,31.39
10/10/2018,58.99
11/10/2018,68.38
12/10/2018,103.11
13/10/2018,70.22
14/10/2018,92.58
15/10/2018,85.8
16/10/2018,109.71
17/10/2018,77.94
18/10/2018,100.13
19/10/2018,70.3
20/10/2018,61.88
21/10/2018,118.94
22/10/2018,89.49
23/10/2018,52.04
24/10/2018,73.6
25/10/2018,89.53
26/10/2018,65.53
27/10/2018,79.2
28/10/2018,136.61
29/10/2018,64.23
30/10/2018,51.28
31/10/2018,79.07
01/11/2018,84.17
02/11/2018,82.99
03/11/2018,77.39
04/11/2018,223.53
05/11/2018,90.47
06/11/2018,148.95
07/11/2018,61.17
08/11/2018,51.63
09/11/2018,41.01
10/11/2018,54.44
11/11/2018,64.34
12/11/2018,42.33
13/11/2018,64.87
14/11/2018,53.94
15/11/2018,55.04
16/11/2018,30.47
17/11/2018,34.95
18/11/2018,90.25
19/11/2018,10.92
20/11/2018,29.26
21/11/2018,46.86
22/11/2018,21.81
23/11/2018,24.17
24/11/2018,49.06
25/11/2018,168.06
26/11/2018,168.44
27/11/2018,93.08
28/11/2018,100.92
29/11/2018,183.21
30/11/2018,136.43
01/12/2018,142.31
02/12/2018,167.46
03/12/2018,158.49
04/12/2018,109.29
05/12/2018,83.26
06/12/2018,110.19
07/12/2018,101.45
08/12/2018,123.21
09/12/2018,130.49
10/12/2018,71.08
11/12/2018,88.44
12/12/2018,57.97
13/12/2018,121.67
14/12/2018,86.56
15/12/2018,90.26
16/12/2018,186.66
17/12/2018,101.75
18/12/2018,103.24
19/12/2018,114.17
20/12/2018,79.38
21/12/2018,144.91
22/12/2018,10.92
23/12/2018,261.36
24/12/2018,141.79
25/12/2018,171.11
26/12/2018,198.19
27/12/2018,161.1
28/12/2018,156.65
29/12/2018,116.81
30/12/2018,213.53
31/12/2018,149.82
01/01/2019,204.03
02/01/2019,146.97
03/01/2019,212.58
04/01/2019,153.15
05/01/2019,4.7
06/01/2019,230.39
07/01/2019,148.61
08/01/2019,259.25
09/01/2019,120.42
10/01/2019,148.84
11/01/2019,170.68
12/01/2019,175.61
13/01/2019,120.96
14/01/2019,223.58
15/01/2019,104.39
16/01/2019,173.46
17/01/2019,168.92
18/01/2019,154.17
19/01/2019,109
20/01/2019,178.48
21/01/2019,216.29
22/01/2019,107.95
23/01/2019,88.26
24/01/2019,106.06
25/01/2019,105.17
26/01/2019,107.16
27/01/2019,218.94
28/01/2019,73.71
29/01/2019,62.53
30/01/2019,123.71
31/01/2019,126.24
01/02/2019,95.81
02/02/2019,82.06
03/02/2019,134.38
04/02/2019,216.31
05/02/2019,87.75
06/02/2019,145.25
07/02/2019,93.79
08/02/2019,76.81
09/02/2019,49.63
10/02/2019,95.37
11/02/2019,59.53
12/02/2019,45.91
13/02/2019,93.01
14/02/2019,35.99
15/02/2019,55.54
16/02/2019,27.08
17/02/2019,10.92
18/02/2019,57.35
19/02/2019,79.79
20/02/2019,65.36
21/02/2019,87.44
22/02/2019,115.34
23/02/2019,93.12
24/02/2019,4.05
25/02/2019,84.03
26/02/2019,68.54
27/02/2019,128.81
28/02/2019,125.24
01/03/2019,110.76
02/03/2019,118.68
03/03/2019,101.11
04/03/2019,71.01
05/03/2019,138.38
06/03/2019,78.64
07/03/2019,138.86
08/03/2019,81.81
09/03/2019,67.73
10/03/2019,138.96
11/03/2019,161.35
12/03/2019,93.23
13/03/2019,81.38
14/03/2019,56.33
15/03/2019,66.48
16/03/2019,65.37
17/03/2019,101.36
18/03/2019,77.23
19/03/2019,82.83
20/03/2019,75.89
21/03/2019,91.17
22/03/2019,83.99
23/03/2019,102.4
24/03/2019,127.53
25/03/2019,69.27
26/03/2019,78.28
27/03/2019,92.66
28/03/2019,53.74
29/03/2019,91.25
30/03/2019,101.92
31/03/2019,134.75
01/04/2019,117.34
02/04/2019,130.56
03/04/2019,81.95
04/04/2019,82.78
05/04/2019,50.15
06/04/2019,108.22
07/04/2019,127.54
08/04/2019,58.07
09/04/2019,60.19
10/04/2019,71.78
11/04/2019,54.57
12/04/2019,75.79
13/04/2019,66.73
14/04/2019,161.23
15/04/2019,76.25
16/04/2019,58.1
17/04/2019,63.24
18/04/2019,56.96
19/04/2019,48.34
20/04/2019,52.37
21/04/2019,83.39
22/04/2019,78.68
23/04/2019,56.96
24/04/2019,60.14
25/04/2019,76.31
26/04/2019,67.89
27/04/2019,56.25
28/04/2019,107.52
29/04/2019,97.53
30/04/2019,75.34
01/05/2019,112.75
02/05/2019,30.2
03/05/2019,57.65
04/05/2019,71.39
05/05/2019,98.38
06/05/2019,93.78
07/05/2019,111.09
08/05/2019,101.81
09/05/2019,67.46
10/05/2019,108.12
11/05/2019,46.84
12/05/2019,155.26
13/05/2019,94.65
14/05/2019,126.65
15/05/2019,132.3
16/05/2019,94.72
17/05/2019,117.89
18/05/2019,95.04
19/05/2019,95.86
20/05/2019,95.08
21/05/2019,73.8
22/05/2019,69.8
23/05/2019,71.04
24/05/2019,144.24
25/05/2019,151.55
26/05/2019,138.34
27/05/2019,102.04
28/05/2019,69.48
29/05/2019,55.62
30/05/2019,50.84
31/05/2019,94.35
01/06/2019,97.55
02/06/2019,159.79
03/06/2019,72.86
04/06/2019,120.06
05/06/2019,217.51
06/06/2019,137.43
07/06/2019,242.25
08/06/2019,139.29
09/06/2019,174.61
10/06/2019,162.1
11/06/2019,130.24
12/06/2019,116.03
13/06/2019,143.87
14/06/2019,145.07
15/06/2019,175.49
16/06/2019,198.5
17/06/2019,82.16
18/06/2019,146.35
19/06/2019,77.89
20/06/2019,116.67
21/06/2019,178.92
22/06/2019,127.09
23/06/2019,245.77
24/06/2019,92.75
25/06/2019,74.19
26/06/2019,142.51
27/06/2019,64.08
28/06/2019,129.48
29/06/2019,96.2
30/06/2019,114.41
01/07/2019,174.62
02/07/2019,144.12
03/07/2019,126.27
04/07/2019,96.84
05/07/2019,72.83
06/07/2019,93.29
07/07/2019,180.55
08/07/2019,72.06
09/07/2019,40.14
10/07/2019,45.62
11/07/2019,103.84
12/07/2019,72.49
13/07/2019,126.95
14/07/2019,58.43
15/07/2019,72.19
16/07/2019,53.41
17/07/2019,77.06
18/07/2019,61.63
19/07/2019,61.84
20/07/2019,28.88
21/07/2019,112.14
22/07/2019,75.32
23/07/2019,114.24
24/07/2019,79.72
25/07/2019,40.68
26/07/2019,116.11
27/07/2019,174.53
28/07/2019,133.67
29/07/2019,86.97
30/07/2019,139.24
31/07/2019,103.01
01/08/2019,150.2
02/08/2019,117.41
03/08/2019,153.64
04/08/2019,87.14
05/08/2019,83.03
06/08/2019,84.05
07/08/2019,92.22
08/08/2019,93.48
09/08/2019,92.35
10/08/2019,57.72
11/08/2019,123.95
12/08/2019,109.59
13/08/2019,70.1
14/08/2019,133.71
15/08/2019,144.25
16/08/2019,105.71
17/08/2019,176.17
18/08/2019,196.87
19/08/2019,144.84
20/08/2019,229.29
21/08/2019,278.29
22/08/2019,186.06
23/08/2019,268.83
24/08/2019,386.19
25/08/2019,321.21
26/08/2019,267.98
27/08/2019,173.5
28/08/2019,132.75
29/08/2019,100.25
30/08/2019,116.43
31/08/2019,135.02
01/09/2019,242.38
02/09/2019,229.98
03/09/2019,95.61
04/09/2019,92.02
05/09/2019,106.57
06/09/2019,130.51
07/09/2019,160.77
08/09/2019,128.76
09/09/2019,65.84
10/09/2019,64.63
11/09/2019,58.52
12/09/2019,100.33
13/09/2019,103.12
14/09/2019,103.05
15/09/2019,154.3
16/09/2019,67.24
17/09/2019,79.18
18/09/2019,72.64
19/09/2019,184.82
20/09/2019,98.34
21/09/2019,139.28
22/09/2019,133.98
23/09/2019,134.52
24/09/2019,120.81
25/09/2019,144.83
26/09/2019,60.07
27/09/2019,101.26
28/09/2019,97.83
29/09/2019,165.02
30/09/2019,113
01/10/2019,65.08
02/10/2019,92.82
03/10/2019,46.59
04/10/2019,105.75
05/10/2019,200.44
06/10/2019,192.8
07/10/2019,137.56
08/10/2019,165.35
09/10/2019,62.58
10/10/2019,119.93
11/10/2019,95.08
12/10/2019,88.08
13/10/2019,80.63
14/10/2019,108.55
15/10/2019,68.05
16/10/2019,114.65
17/10/2019,156.8
18/10/2019,64.05
19/10/2019,60.31
20/10/2019,56.13
21/10/2019,57.74
22/10/2019,42.25
23/10/2019,80.02
24/10/2019,56.27
25/10/2019,67.88
26/10/2019,78.83
27/10/2019,166.39
28/10/2019,28.94
29/10/2019,134.13
30/10/2019,111.12
31/10/2019,133.29
01/11/2019,35.14
02/11/2019,135
03/11/2019,143.99
04/11/2019,75.66
05/11/2019,129.4
06/11/2019,48.77
07/11/2019,67.84
08/11/2019,127.43
09/11/2019,125.21
10/11/2019,118.98
11/11/2019,101.72
12/11/2019,89.57
13/11/2019,106.88
14/11/2019,53.75
15/11/2019,56.77
16/11/2019,91.22
17/11/2019,125.9
18/11/2019,19.85
19/11/2019,33.14
20/11/2019,46.27
21/11/2019,65.17
22/11/2019,83.86
23/11/2019,63.35
24/11/2019,110.11
25/11/2019,41.17
26/11/2019,37.49
27/11/2019,37.18
28/11/2019,97.06
29/11/2019,122.19
30/11/2019,41.19
01/12/2019,99.73
02/12/2019,86.08
03/12/2019,69.28
04/12/2019,64.18
05/12/2019,36.86
06/12/2019,134.85
07/12/2019,174.94
08/12/2019,219.84
09/12/2019,130.15
10/12/2019,189.13
11/12/2019,111.83
12/12/2019,99.79
13/12/2019,164.4
14/12/2019,139.75
15/12/2019,110.44
16/12/2019,79.66
17/12/2019,140.79
18/12/2019,89.87
19/12/2019,70.52
20/12/2019,141.48
21/12/2019,155.23
22/12/2019,190.14
23/12/2019,110.91
24/12/2019,97.08
25/12/2019,43.46
26/12/2019,106.92
27/12/2019,127.92
28/12/2019,123.1
29/12/2019,245.14
30/12/2019,101.31
31/12/2019,105.75
01/01/2020,186.06
02/01/2020,139.13
03/01/2020,108.1
04/01/2020,212.82
05/01/2020,173.76
06/01/2020,147.96
07/01/2020,103.98
08/01/2020,91.15
09/01/2020,71.92
10/01/2020,74.58
11/01/2020,127.36
12/01/2020,159.24
13/01/2020,124.82
14/01/2020,109.27
15/01/2020,98.77
16/01/2020,88.05
17/01/2020,77.76
18/01/2020,89.29
19/01/2020,162.21
20/01/2020,96.05
21/01/2020,87.56
22/01/2020,77.19
23/01/2020,70.67
24/01/2020,48.48
25/01/2020,78.77
26/01/2020,137.56
27/01/2020,22.25
28/01/2020,94.68
29/01/2020,88.62
30/01/2020,142.05
31/01/2020,122.2
01/02/2020,147.37
02/02/2020,104.49
03/02/2020,124.15
04/02/2020,111.96
05/02/2020,84.94
06/02/2020,81.75
07/02/2020,130.27
08/02/2020,87.8
09/02/2020,113.95
10/02/2020,111.39
11/02/2020,152.71
12/02/2020,79.26
13/02/2020,82.23
14/02/2020,71.98
15/02/2020,82.1
16/02/2020,131.52
17/02/2020,82.54
18/02/2020,77.38
19/02/2020,56.47
20/02/2020,103.7
21/02/2020,106.59
22/02/2020,177.27
23/02/2020,144.34
24/02/2020,88.73
25/02/2020,147.84
26/02/2020,97.49
27/02/2020,106.55
28/02/2020,172.45
29/02/2020,225.32
01/03/2020,175.73
02/03/2020,153.53
03/03/2020,132.55
04/03/2020,197.2
05/03/2020,118.02
06/03/2020,132.5
07/03/2020,122.57
08/03/2020,250.63
09/03/2020,276.24
10/03/2020,296.12
11/03/2020,234.73
12/03/2020,187.08
13/03/2020,330.85
14/03/2020,236.03
15/03/2020,468.43
16/03/2020,323.71
17/03/2020,378.92
18/03/2020,455.45
19/03/2020,514.67
20/03/2020,633.51
21/03/2020,538.95
22/03/2020,651.07
23/03/2020,572.94
24/03/2020,596.78
25/03/2020,449.86
26/03/2020,670.3
27/03/2020,557.18
28/03/2020,515.39
29/03/2020,743.13
30/03/2020,361.46
31/03/2020,516.55
01/04/2020,474.81
02/04/2020,738.02
03/04/2020,540.5
04/04/2020,636.21
05/04/2020,739.55
06/04/2020,605.38
07/04/2020,468.08
08/04/2020,524.13
09/04/2020,417.54
10/04/2020,461.87
11/04/2020,547.4
12/04/2020,558.22
13/04/2020,638.81
14/04/2020,441.32
15/04/2020,455.68
16/04/2020,505.52
17/04/2020,573.7
18/04/2020,529.03
19/04/2020,594.11
20/04/2020,618.66
21/04/2020,599.13
22/04/2020,511.42
23/04/2020,505.54
24/04/2020,562.5
25/04/2020,555.71
26/04/2020,855.17
27/04/2020,642.66
28/04/2020,479.89
29/04/2020,439.11
30/04/2020,440.07
01/05/2020,516.72
02/05/2020,387.24
03/05/2020,541.24
04/05/2020,449.38
05/05/2020,807.66
06/05/2020,498.71
07/05/2020,504.24
08/05/2020,488.53
09/05/2020,621.96
10/05/2020,536.09
11/05/2020,527.36
12/05/2020,442.15
13/05/2020,553.21
14/05/2020,508.02
15/05/2020,374.22
16/05/2020,385.27
17/05/2020,861.1
18/05/2020,511.62
19/05/2020,363.66
20/05/2020,420.68
21/05/2020,361.11
22/05/2020,418.96
23/05/2020,441.45
24/05/2020,458.16
25/05/2020,462.96
26/05/2020,389.21
27/05/2020,355.1
28/05/2020,421.99
29/05/2020,426.28
30/05/2020,418.18
31/05/2020,557.19
01/06/2020,226.8
02/06/2020,257.49
03/06/2020,287.17
04/06/2020,231.24
05/06/2020,235.07
06/06/2020,277.42
07/06/2020,391.21
08/06/2020,318.64
09/06/2020,191.32
10/06/2020,237.88
11/06/2020,317.86
12/06/2020,293.12
13/06/2020,373.28
14/06/2020,397.45
15/06/2020,300.34
16/06/2020,319.69
17/06/2020,348.4
18/06/2020,322.96
19/06/2020,450.64
20/06/2020,515.46
21/06/2020,413.51
22/06/2020,259.55
23/06/2020,309.15
24/06/2020,224.4
25/06/2020,225.72
26/06/2020,260.33
27/06/2020,276.22
28/06/2020,561.21
29/06/2020,301.58
30/06/2020,292.37
01/07/2020,329.62
02/07/2020,249.7
03/07/2020,412.01
04/07/2020,347.74
05/07/2020,415.94
06/07/2020,389.2
07/07/2020,278.61
08/07/2020,319.33
09/07/2020,267.49
10/07/2020,259.27
11/07/2020,237.89
12/07/2020,496.99
13/07/2020,212.54
14/07/2020,308.28
15/07/2020,352.74
16/07/2020,313.71
17/07/2020,555.06
18/07/2020,388.97
19/07/2020,640
20/07/2020,430.14
21/07/2020,423.52
22/07/2020,297.02
23/07/2020,282.1
24/07/2020,290.25
25/07/2020,279.85
26/07/2020,465.25
27/07/2020,521.96
28/07/2020,315.73
29/07/2020,370.27
30/07/2020,307.77
31/07/2020,384.08
01/08/2020,304.7
02/08/2020,405.97
03/08/2020,271.04
04/08/2020,391.33
05/08/2020,253.99
06/08/2020,285.63
07/08/2020,276.7
08/08/2020,353.43
09/08/2020,398.91
10/08/2020,388.62
11/08/2020,359.14
12/08/2020,202.2
13/08/2020,282.72
14/08/2020,345.8
15/08/2020,324.57
16/08/2020,531.9
17/08/2020,350.55
18/08/2020,341.68
19/08/2020,216.18
20/08/2020,250.25
21/08/2020,286.03
22/08/2020,217.76
23/08/2020,380.2
24/08/2020,186.9
25/08/2020,213.68
26/08/2020,154.27
27/08/2020,180.61
28/08/2020,296.28
29/08/2020,339.77
30/08/2020,296.28
31/08/2020,169.1
01/09/2020,204.69
02/09/2020,237.83
03/09/2020,243.52
04/09/2020,224.01
05/09/2020,258.22
06/09/2020,484.25
07/09/2020,491.37
08/09/2020,208.78
09/09/2020,209.54
10/09/2020,218.1
11/09/2020,237.03
12/09/2020,218.84
13/09/2020,318.66
14/09/2020,270.62
15/09/2020,245.27
16/09/2020,244.64
17/09/2020,248.91
18/09/2020,244.41
19/09/2020,187.42
20/09/2020,437.15
21/09/2020,177.56
22/09/2020,126.1
23/09/2020,161.46
24/09/2020,246.25
25/09/2020,252.32
26/09/2020,134.92
27/09/2020,317.07
28/09/2020,189.79
29/09/2020,185.6
30/09/2020,207.77
01/10/2020,259.5
02/10/2020,390.29
03/10/2020,340.62
04/10/2020,332.63
05/10/2020,273.84
06/10/2020,334.28
07/10/2020,426.88
08/10/2020,294.91
09/10/2020,306.7
10/10/2020,396.92
11/10/2020,492.14
12/10/2020,289.7
13/10/2020,220.87
14/10/2020,341.81
15/10/2020,141.19
16/10/2020,200.48
17/10/2020,161.13
18/10/2020,285.62
19/10/2020,249.35
20/10/2020,234.01
21/10/2020,158.05
22/10/2020,167.77
23/10/2020,138.34
24/10/2020,129.44
25/10/2020,369.86
26/10/2020,294.62
27/10/2020,187.07
28/10/2020,234.14
29/10/2020,298.36
30/10/2020,277.43
31/10/2020,186.36
01/11/2020,271.71
02/11/2020,418.93
03/11/2020,335.3
04/11/2020,370.7
05/11/2020,303.07
06/11/2020,390.29
07/11/2020,452.23
08/11/2020,416.76
09/11/2020,254.34
10/11/2020,192.03
11/11/2020,252.06
12/11/2020,184.25
13/11/2020,123.79
14/11/2020,225.66
15/11/2020,218.9
16/11/2020,254.24
17/11/2020,196.81
18/11/2020,154.81
19/11/2020,224.65
20/11/2020,230.2
21/11/2020,196.02
22/11/2020,359.33
23/11/2020,415.59
24/11/2020,262.51
25/11/2020,276.82
26/11/2020,157.55
27/11/2020,238.32
28/11/2020,149.05
29/11/2020,258.52
30/11/2020,156.15
01/12/2020,248.2
02/12/2020,156.7
03/12/2020,189.91
04/12/2020,215.13
05/12/2020,141.89
06/12/2020,363.84
07/12/2020,269.89
08/12/2020,259.64
09/12/2020,144.77
10/12/2020,256.04
11/12/2020,122.3
12/12/2020,141.22
13/12/2020,379.17
14/12/2020,186.91
15/12/2020,139.29
16/12/2020,136.12
17/12/2020,195.87
18/12/2020,146.67
19/12/2020,154.77
20/12/2020,196.41
21/12/2020,246.79
22/12/2020,147.55
23/12/2020,291.07
24/12/2020,256.16
25/12/2020,174.42
26/12/2020,699.78
27/12/2020,358.97
28/12/2020,217.47
29/12/2020,286.36
30/12/2020,368.46
31/12/2020,307.12
01/01/2021,429.48
02/01/2021,190.39
03/01/2021,324.05
04/01/2021,233.3
05/01/2021,208.61
06/01/2021,139.81
07/01/2021,124.29
08/01/2021,104.8
09/01/2021,115.22
10/01/2021,283.14
11/01/2021,308.7
12/01/2021,229.15
13/01/2021,223.57
14/01/2021,157.94
15/01/2021,149.93
16/01/2021,228.3
17/01/2021,209.94
18/01/2021,159.6
19/01/2021,170.18
20/01/2021,309.33
21/01/2021,280.95
22/01/2021,192
23/01/2021,147.81
24/01/2021,291.37
25/01/2021,241.85
26/01/2021,254.93
27/01/2021,251.13
28/01/2021,150
29/01/2021,248.96
30/01/2021,139.41
31/01/2021,199.79
01/02/2021,144.04
02/02/2021,282.75
03/02/2021,145.65
04/02/2021,129.36
05/02/2021,111.2
06/02/2021,99.84
07/02/2021,200.27
08/02/2021,232.61
09/02/2021,84.45
10/02/2021,113.01
11/02/2021,121.93
12/02/2021,211.29
13/02/2021,180
14/02/2021,153.61
15/02/2021,152.79
16/02/2021,150.29
17/02/2021,84.88
18/02/2021,148.02
19/02/2021,106.51
20/02/2021,107.05
21/02/2021,135.8
22/02/2021,132.3
23/02/2021,145.25
24/02/2021,186.94
25/02/2021,124.74
26/02/2021,223.25
27/02/2021,220.62
28/02/2021,194.65
01/03/2021,257.79
02/03/2021,122
03/03/2021,103.44
04/03/2021,76.48
05/03/2021,231.03
06/03/2021,206.96
07/03/2021,229.1
08/03/2021,328.48
09/03/2021,167.78
10/03/2021,195.33
11/03/2021,275.24
12/03/2021,106.71
13/03/2021,108.34
14/03/2021,216.17
15/03/2021,206.85
16/03/2021,87.46
17/03/2021,187.89
18/03/2021,180.02
19/03/2021,211.66
20/03/2021,301.26
21/03/2021,152.98
22/03/2021,275.36
23/03/2021,193.53
24/03/2021,126.24
25/03/2021,142.05
26/03/2021,108.99
27/03/2021,87.78
28/03/2021,155.99
29/03/2021,177.66
30/03/2021,121.16
31/03/2021,136.03
01/04/2021,76.09
02/04/2021,130.61
03/04/2021,120.78
04/04/2021,210.38
05/04/2021,181.6
06/04/2021,125.46
07/04/2021,205.44
08/04/2021,115.07
09/04/2021,115.04
10/04/2021,138.65
11/04/2021,300.55
12/04/2021,69.6
13/04/2021,112.82
14/04/2021,65.13
15/04/2021,111.93
16/04/2021,86.85
17/04/2021,108.04
18/04/2021,128.86
19/04/2021,92
20/04/2021,89.99
21/04/2021,100.71
22/04/2021,70.82
23/04/2021,102.84
24/04/2021,76.35
25/04/2021,106.95
26/04/2021,84.99
27/04/2021,165.42
28/04/2021,102.3
29/04/2021,153.32
30/04/2021,125.83
01/05/2021,107.85
02/05/2021,184.5
03/05/2021,297.27
04/05/2021,119.21
05/05/2021,176.89
06/05/2021,142.39
07/05/2021,170.41
08/05/2021,134.18
09/05/2021,114.95
10/05/2021,168.8
11/05/2021,175.89
12/05/2021,78.7
13/05/2021,94.65
14/05/2021,100.11
15/05/2021,53.8
16/05/2021,129.76
17/05/2021,128.94
18/05/2021,96.41
19/05/2021,147.69
20/05/2021,189.22
21/05/2021,108.94
22/05/2021,80.84
23/05/2021,181.82
24/05/2021,183.43
25/05/2021,145.6
26/05/2021,71.66
27/05/2021,70.25
28/05/2021,171.86
29/05/2021,20.63
30/05/2021,91.45
31/05/2021,74.69
01/06/2021,176.43
02/06/2021,83.31
03/06/2021,109.44
04/06/2021,68
05/06/2021,48.51
06/06/2021,122.76
07/06/2021,111.43
08/06/2021,109.81
09/06/2021,131.85
10/06/2021,122.88
11/06/2021,97.74
12/06/2021,63.44
13/06/2021,127.53
14/06/2021,117.23
15/06/2021,109.37
16/06/2021,104.83
17/06/2021,94.44
18/06/2021,142.32
19/06/2021,64.25
20/06/2021,95.85
21/06/2021,174.11
22/06/2021,100
23/06/2021,60.28
24/06/2021,113.04
25/06/2021,92.88
26/06/2021,73.15
27/06/2021,302.87
28/06/2021,168.47
29/06/2021,74.51
30/06/2021,133.65
01/07/2021,82.66
02/07/2021,133.09
03/07/2021,82.15
04/07/2021,160.07
05/07/2021,144.78
06/07/2021,199.58
07/07/2021,57.23
08/07/2021,67.69
09/07/2021,84.3
10/07/2021,113.6
11/07/2021,118.92
12/07/2021,144.11
13/07/2021,192.35
14/07/2021,98.68
15/07/2021,153.82
16/07/2021,140.71
17/07/2021,126.48
18/07/2021,216.59
19/07/2021,103.99
20/07/2021,130.37
21/07/2021,185.19
22/07/2021,91.1
23/07/2021,138.66
24/07/2021,89.31
25/07/2021,170.04
26/07/2021,125.45
27/07/2021,132.55
28/07/2021,152.66
29/07/2021,144.4
30/07/2021,133.44
31/07/2021,116.35
01/08/2021,125.09
02/08/2021,124.58
03/08/2021,77.81
04/08/2021,67.39
05/08/2021,179.01
06/08/2021,107.12
07/08/2021,57.9
08/08/2021,241.48
09/08/2021,134.96
10/08/2021,399.87
11/08/2021,96.07
12/08/2021,90.39
13/08/2021,101.4
14/08/2021,95.63
15/08/2021,91.76
16/08/2021,131.18
17/08/2021,113.72
18/08/2021,113.23
19/08/2021,78.58
20/08/2021,85.35
21/08/2021,70.76
22/08/2021,304.68
23/08/2021,177.96
24/08/2021,86.77
25/08/2021,74.18
26/08/2021,54.9
27/08/2021,69.52
28/08/2021,147.47
29/08/2021,105.19
30/08/2021,77.75
31/08/2021,166.77
01/09/2021,88.74
02/09/2021,72.75
03/09/2021,88.32
04/09/2021,78.8
05/09/2021,229.72
06/09/2021,222.33
07/09/2021,165.86
08/09/2021,118.66
09/09/2021,56.89
10/09/2021,72.22
11/09/2021,96.32
12/09/2021,152.3
13/09/2021,209.02
14/09/2021,135.76
15/09/2021,106.93
16/09/2021,44.76
17/09/2021,83.45
18/09/2021,63.85
19/09/2021,91.65
20/09/2021,159.31
21/09/2021,196.08
22/09/2021,98.64
23/09/2021,79.1
24/09/2021,86.86
25/09/2021,82.85
26/09/2021,108.75
27/09/2021,243.51
28/09/2021,126.3
29/09/2021,104.63
30/09/2021,142.53
01/10/2021,88.83
02/10/2021,100.28
03/10/2021,166.17
04/10/2021,148.03
05/10/2021,97.14
06/10/2021,145.53
07/10/2021,100.93
08/10/2021,96.69
09/10/2021,248.61
10/10/2021,122.3
11/10/2021,85.57
12/10/2021,90.52
13/10/2021,111.12
14/10/2021,94.34
15/10/2021,65.19
16/10/2021,86.82
17/10/2021,238.11
18/10/2021,159.77
19/10/2021,73.95
20/10/2021,59.85
21/10/2021,69.73
22/10/2021,101.73
23/10/2021,69.32
24/10/2021,185.92
25/10/2021,102.62
26/10/2021,99.45
27/10/2021,63.73
28/10/2021,90.49
29/10/2021,77.35
30/10/2021,61.28
31/10/2021,97.73
01/11/2021,136.17
02/11/2021,110.75
03/11/2021,188.57
04/11/2021,156.8
05/11/2021,211.53
06/11/2021,205.66
07/11/2021,264.34
08/11/2021,363.38
09/11/2021,149.84
10/11/2021,39
11/11/2021,65.66
12/11/2021,202.74
13/11/2021,79.21
14/11/2021,173.41
15/11/2021,107.9
16/11/2021,112.32
17/11/2021,114.88
18/11/2021,141.8
19/11/2021,120.37
20/11/2021,192.7
21/11/2021,87.77
22/11/2021,92.12
23/11/2021,98.64
24/11/2021,131.12
25/11/2021,58.34
26/11/2021,57.97
27/11/2021,44.45
28/11/2021,126.1
29/11/2021,103.8
30/11/2021,117.24
01/12/2021,108.42
02/12/2021,90.4
03/12/2021,219.57
04/12/2021,169.9
05/12/2021,173.55
06/12/2021,90.05
07/12/2021,121.78
08/12/2021,94.23
09/12/2021,59.47
10/12/2021,78.93
11/12/2021,84.96
12/12/2021,184.54
13/12/2021,214.47
14/12/2021,76.16
15/12/2021,103.8
16/12/2021,152.15
17/12/2021,130.93
18/12/2021,111.46
19/12/2021,185.69
20/12/2021,118.72
21/12/2021,164.17
22/12/2021,130.79
23/12/2021,171.54
24/12/2021,98.9
25/12/2021,203.29
26/12/2021,271.9
27/12/2021,179.41
28/12/2021,113.84
29/12/2021,84.18
30/12/2021,131.66
31/12/2021,132.09
01/01/2022,169.59
02/01/2022,157.01
03/01/2022,146.6
04/01/2022,192.08
05/01/2022,111.08
06/01/2022,235.1
07/01/2022,57.41
08/01/2022,139.45
09/01/2022,115.26
10/01/2022,120.25
11/01/2022,77.55
12/01/2022,91.97
13/01/2022,57.28
14/01/2022,73.63
15/01/2022,169.9
16/01/2022,507.73
17/01/2022,174.94
18/01/2022,77
19/01/2022,71.25
20/01/2022,72.93
21/01/2022,126.04
22/01/2022,52.51
23/01/2022,122.72
24/01/2022,273.48
25/01/2022,190.88
26/01/2022,146.78
27/01/2022,164.89
28/01/2022,129.34
29/01/2022,126.32
30/01/2022,179.99
31/01/2022,184.81
01/02/2022,143.53
02/02/2022,101.01
03/02/2022,93.56
04/02/2022,171.57
05/02/2022,111.26
06/02/2022,121.68
07/02/2022,97.27
08/02/2022,115.82
09/02/2022,83.48
10/02/2022,84.38
11/02/2022,67.68
12/02/2022,85.27
13/02/2022,155.44
14/02/2022,201.81
15/02/2022,109.46
16/02/2022,73.91
17/02/2022,107.1
18/02/2022,180.25
19/02/2022,139.8
20/02/2022,133.87
21/02/2022,114.2
22/02/2022,180.27
23/02/2022,89.64
24/02/2022,156.68
25/02/2022,161.59
26/02/2022,175.73
27/02/2022,160.39
28/02/2022,167.06
01/03/2022,188.05
02/03/2022,134.88
03/03/2022,204.82
04/03/2022,219.09
05/03/2022,212.98
06/03/2022,142.22
07/03/2022,164.7
08/03/2022,165.06
09/03/2022,142.59
10/03/2022,150.53
11/03/2022,232.96
12/03/2022,174.06
13/03/2022,352.88
14/03/2022,222.54
15/03/2022,154.33
16/03/2022,216.66
17/03/2022,137.82
18/03/2022,171.27
19/03/2022,100.89
20/03/2022,161.71
21/03/2022,239.83
22/03/2022,137.53
23/03/2022,116.56
24/03/2022,128.23
25/03/2022,209.01
26/03/2022,204.08
27/03/2022,396.7
28/03/2022,322.1
29/03/2022,193.93
30/03/2022,105.19
31/03/2022,81.85
01/04/2022,114.29
02/04/2022,160.34
03/04/2022,65.82
04/04/2022,115.67
05/04/2022,126.89
06/04/2022,168.21
07/04/2022,171.04
08/04/2022,124.74
09/04/2022,92.39
10/04/2022,324.04
11/04/2022,241.25
12/04/2022,103.12
13/04/2022,90.43
14/04/2022,142.29
15/04/2022,98.36
16/04/2022,85.21
17/04/2022,105.38
18/04/2022,93.03
19/04/2022,276.08
20/04/2022,95.07
21/04/2022,89.05
22/04/2022,148.56
23/04/2022,112.1
24/04/2022,131.87
25/04/2022,126.9
26/04/2022,130.06
27/04/2022,69.39
28/04/2022,80.21
29/04/2022,126.12
30/04/2022,281.5
01/05/2022,150.39
02/05/2022,99.33
03/05/2022,103.64
04/05/2022,123.78
05/05/2022,87.92
06/05/2022,212.5
07/05/2022,108.42
08/05/2022,307.96
09/05/2022,97.81
10/05/2022,135.75
11/05/2022,102.02
12/05/2022,144.73
13/05/2022,140
14/05/2022,130.88
15/05/2022,184.23
16/05/2022,124.37
17/05/2022,101.23
18/05/2022,97.83
19/05/2022,157.59
20/05/2022,185.12
21/05/2022,157.27
22/05/2022,247.4
23/05/2022,135.77
24/05/2022,135.79
25/05/2022,100.89
26/05/2022,132.56
27/05/2022,145.02
28/05/2022,61.72
29/05/2022,79.32
30/05/2022,82.99
31/05/2022,72.9
01/06/2022,161.66
02/06/2022,144.13
03/06/2022,163.85
04/06/2022,88.7
05/06/2022,139.95
06/06/2022,127.27
07/06/2022,167.65
08/06/2022,110.13
09/06/2022,112.11
10/06/2022,93.65
11/06/2022,80.16
12/06/2022,124.32
13/06/2022,95.37
14/06/2022,120.62
15/06/2022,140.82
16/06/2022,189.54
17/06/2022,108.29
18/06/2022,143.96
19/06/2022,184.49
20/06/2022,165.42
21/06/2022,140.11
22/06/2022,96.97
23/06/2022,96.96
24/06/2022,111.86
25/06/2022,91.56
26/06/2022,239.87
27/06/2022,140.94
28/06/2022,129.96
29/06/2022,135.33
30/06/2022,158.37
01/07/2022,177.73
02/07/2022,130.95
03/07/2022,135.95
04/07/2022,309.83
05/07/2022,116.59
06/07/2022,91.52
07/07/2022,93.67
08/07/2022,104.33
09/07/2022,104.17
10/07/2022,210.3
11/07/2022,200.3
12/07/2022,126.67
13/07/2022,52.82
14/07/2022,203.03
15/07/2022,210.77
16/07/2022,214.9
17/07/2022,195.72
18/07/2022,182.94
19/07/2022,177.18
20/07/2022,113.33
21/07/2022,132.76
22/07/2022,138.82
23/07/2022,100.99
24/07/2022,209.57
25/07/2022,120.62
26/07/2022,94.68
27/07/2022,181.99
28/07/2022,111
29/07/2022,130.23
30/07/2022,61.72
31/07/2022,118.84
01/08/2022,141.32
02/08/2022,96.66
03/08/2022,115.69
04/08/2022,78.43
05/08/2022,107.43
06/08/2022,265.44
07/08/2022,187.1
08/08/2022,227.88
09/08/2022,189.05
10/08/2022,84.3
11/08/2022,99.36
12/08/2022,48.55
13/08/2022,112.14
14/08/2022,95.08
15/08/2022,145.63
16/08/2022,103.94
17/08/2022,75.77
18/08/2022,92.67
19/08/2022,98.49
20/08/2022,49.35
21/08/2022,149.65
22/08/2022,169.02
23/08/2022,93.31
24/08/2022,137.29
25/08/2022,66.37
26/08/2022,121.88
27/08/2022,96.29
28/08/2022,138.76
29/08/2022,97.52
30/08/2022,83.23
31/08/2022,126.46
01/09/2022,75.93
02/09/2022,65.23
03/09/2022,65.72
04/09/2022,95.37
05/09/2022,158.69
06/09/2022,91.55
07/09/2022,87.66
08/09/2022,47.62
09/09/2022,66.03
10/09/2022,64.78
11/09/2022,141.95
12/09/2022,162.37
13/09/2022,95.35
14/09/2022,116.73
15/09/2022,118.58
16/09/2022,123.3
17/09/2022,125.98
18/09/2022,131.17
19/09/2022,65.09
20/09/2022,78.61
21/09/2022,70.88
22/09/2022,139.2
23/09/2022,133.87
24/09/2022,114.37
25/09/2022,127.96
26/09/2022,85.96
27/09/2022,194.98
28/09/2022,155.79
29/09/2022,93.12
30/09/2022,192.84
01/10/2022,101.92
02/10/2022,296.28
03/10/2022,146.03
04/10/2022,148.79
05/10/2022,153.24
06/10/2022,168.97
07/10/2022,139.82
08/10/2022,100.81
09/10/2022,128.12
10/10/2022,181.4
11/10/2022,155.85
12/10/2022,186.85
13/10/2022,169.02
14/10/2022,180.93
15/10/2022,120.4
16/10/2022,208.79
17/10/2022,129.16
18/10/2022,73.35
19/10/2022,70.66
20/10/2022,78.35
21/10/2022,107.34
22/10/2022,72.32
23/10/2022,140.06
24/10/2022,168.29
25/10/2022,104.95
26/10/2022,84.81
27/10/2022,150.79
28/10/2022,204.29
29/10/2022,87.03
30/10/2022,114.98
31/10/2022,161.13
01/11/2022,127.48
02/11/2022,98.2
03/11/2022,140.73
04/11/2022,122.07
05/11/2022,66.38
06/11/2022,116.64
07/11/2022,245.52
08/11/2022,123.6
09/11/2022,146.6
10/11/2022,119.57
11/11/2022,183.98
12/11/2022,198.23
13/11/2022,228.73
14/11/2022,215.52
15/11/2022,95.09
16/11/2022,107.83
17/11/2022,91.22
18/11/2022,133.39
19/11/2022,110.6
20/11/2022,255.53
21/11/2022,122.23
22/11/2022,125.51
23/11/2022,183.38
24/11/2022,226.25
25/11/2022,189.26
26/11/2022,119.31
27/11/2022,173.32
28/11/2022,183.05
29/11/2022,90.52
30/11/2022,89.9
01/12/2022,177.11
02/12/2022,48.03
03/12/2022,83.3
04/12/2022,339.06
05/12/2022,187.14
06/12/2022,105.68
07/12/2022,151.37
08/12/2022,81.81
09/12/2022,114.31
10/12/2022,61
11/12/2022,223.06
12/12/2022,169.7
13/12/2022,122.35
14/12/2022,120.9
15/12/2022,114.95
16/12/2022,99.07
17/12/2022,84.76
18/12/2022,103.12
19/12/2022,87.27
20/12/2022,72.84
21/12/2022,147.63
22/12/2022,98.69
23/12/2022,84.14
24/12/2022,73.31
25/12/2022,343.59
26/12/2022,170.29
27/12/2022,69.63
28/12/2022,85.9
29/12/2022,123.69
30/12/2022,199.3
31/12/2022,162.78
01/01/2023,433.38
02/01/2023,185.33
03/01/2023,117.51
04/01/2023,114.2
05/01/2023,176.01
06/01/2023,158.88
07/01/2023,168.63
08/01/2023,204.85
09/01/2023,152.46
10/01/2023,386.4
11/01/2023,363.54
12/01/2023,189.12
13/01/2023,141.9
14/01/2023,176.67
15/01/2023,261.68
16/01/2023,166.4
17/01/2023,73.48
18/01/2023,310.22
19/01/2023,106.09
20/01/2023,119.89
21/01/2023,89.56
22/01/2023,258.78
23/01/2023,326.16
24/01/2023,123.28
25/01/2023,113.38
26/01/2023,72.53
27/01/2023,110.89
28/01/2023,114.2
29/01/2023,225.17
30/01/2023,190.98
31/01/2023,158.19
01/02/2023,137.21
02/02/2023,116.99
03/02/2023,115.81
04/02/2023,99.82
05/02/2023,90.75
06/02/2023,219.03
07/02/2023,190.34
08/02/2023,139.63
09/02/2023,129.06
10/02/2023,99.82
11/02/2023,118.66
12/02/2023,54.4
13/02/2023,70.05
14/02/2023,105.73
15/02/2023,200.6
16/02/2023,223.17
17/02/2023,97.82
18/02/2023,153.22
19/02/2023,101.26
20/02/2023,88.82
21/02/2023,68.9
22/02/2023,140.33
23/02/2023,188.33
24/02/2023,82.35
25/02/2023,57.93
26/02/2023,78.14
27/02/2023,130.63
28/02/2023,88.38
01/03/2023,79.37
02/03/2023,159.07
03/03/2023,90.23
04/03/2023,109.75
05/03/2023,120.36
06/03/2023,88.77
07/03/2023,97.33
08/03/2023,71.72
09/03/2023,99.26
10/03/2023,167.78
11/03/2023,106.21
12/03/2023,63.72
13/03/2023,227.2
14/03/2023,247.11
15/03/2023,165.83
16/03/2023,192.49
17/03/2023,233.64
18/03/2023,80.48
19/03/2023,215.13
20/03/2023,159.21
21/03/2023,99.01
22/03/2023,213.51
23/03/2023,191.68
24/03/2023,165.55
25/03/2023,122.56
26/03/2023,142.53
27/03/2023,137.46
28/03/2023,118.64
29/03/2023,127.91
30/03/2023,83.58
31/03/2023,146.5
01/04/2023,114.26
02/04/2023,405.61
03/04/2023,146.45
04/04/2023,152.17
05/04/2023,109.23
06/04/2023,40.91
07/04/2023,66.19
08/04/2023,120.3
09/04/2023,212.19
10/04/2023,118.15
11/04/2023,157.6
12/04/2023,112.05
13/04/2023,259.38
14/04/2023,38.97
15/04/2023,51.68
16/04/2023,278.59
17/04/2023,52.13
18/04/2023,198.32
19/04/2023,135.75
20/04/2023,95.37
