DATE,USD_Index
03/01/2017,119.0898
04/01/2017,118.8801
05/01/2017,118.0002
06/01/2017,118.3493
09/01/2017,118.4108
10/01/2017,118.5384
11/01/2017,119.0215
12/01/2017,117.8002
13/01/2017,117.9884
16/01/2017,.
17/01/2017,117.266
18/01/2017,117.7247
19/01/2017,118.3189
20/01/2017,.
23/01/2017,117.249
24/01/2017,117.0526
25/01/2017,116.9365
26/01/2017,117.2774
27/01/2017,117.074
30/01/2017,116.7328
31/01/2017,116.2249
01/02/2017,116.3923
02/02/2017,115.9036
03/02/2017,115.6262
06/02/2017,116.0507
07/02/2017,116.4086
08/02/2017,116.1387
09/02/2017,116.3061
10/02/2017,116.1479
13/02/2017,116.3425
14/02/2017,116.3944
15/02/2017,116.2158
16/02/2017,116.0065
17/02/2017,116.4033
20/02/2017,.
21/02/2017,116.5918
22/02/2017,116.2131
23/02/2017,115.6522
24/02/2017,115.8138
27/02/2017,115.6759
28/02/2017,116.003
01/03/2017,116.4374
02/03/2017,116.8421
03/03/2017,116.6429
06/03/2017,116.4304
07/03/2017,116.4294
08/03/2017,116.8741
09/03/2017,116.9952
10/03/2017,116.6154
13/03/2017,116.3999
14/03/2017,116.5639
15/03/2017,116.3576
16/03/2017,115.4452
17/03/2017,115.278
20/03/2017,115.0422
21/03/2017,114.8119
22/03/2017,114.7936
23/03/2017,114.7899
24/03/2017,114.6371
27/03/2017,114.235
28/03/2017,114.4191
29/03/2017,114.7162
30/03/2017,114.5239
31/03/2017,114.7934
03/04/2017,114.8728
04/04/2017,115.0032
05/04/2017,114.9488
06/04/2017,115.0175
07/04/2017,115.0537
10/04/2017,115.109
11/04/2017,115.0082
12/04/2017,114.9154
13/04/2017,114.5051
14/04/2017,114.536
17/04/2017,114.3278
18/04/2017,114.2576
19/04/2017,114.7928
20/04/2017,114.6212
21/04/2017,114.8133
24/04/2017,114.3666
25/04/2017,114.5124
26/04/2017,114.9491
27/04/2017,114.996
28/04/2017,114.7892
01/05/2017,114.5934
02/05/2017,114.6807
03/05/2017,114.665
04/05/2017,114.9093
05/05/2017,114.7743
08/05/2017,115.0911
09/05/2017,115.3947
10/05/2017,115.1157
11/05/2017,115.068
12/05/2017,114.749
15/05/2017,114.3515
16/05/2017,113.9936
17/05/2017,113.7523
18/05/2017,114.2707
19/05/2017,113.7023
22/05/2017,113.5465
23/05/2017,113.6883
24/05/2017,113.6767
25/05/2017,113.3737
26/05/2017,113.4851
29/05/2017,.
30/05/2017,113.5569
31/05/2017,113.2973
01/06/2017,113.3032
02/06/2017,113.1926
05/06/2017,112.9772
06/06/2017,112.7111
07/06/2017,112.8208
08/06/2017,112.8366
09/06/2017,112.9572
12/06/2017,112.9847
13/06/2017,112.6278
14/06/2017,112.0743
15/06/2017,112.8715
16/06/2017,112.6162
19/06/2017,112.7581
20/06/2017,113.2703
21/06/2017,113.3335
22/06/2017,113.166
23/06/2017,112.8673
26/06/2017,112.7641
27/06/2017,112.551
28/06/2017,112.076
29/06/2017,111.9996
30/06/2017,111.9911
03/07/2017,112.4282
04/07/2017,.
05/07/2017,112.6549
06/07/2017,112.4215
07/07/2017,112.3148
10/07/2017,112.1597
11/07/2017,112.1445
12/07/2017,111.5911
13/07/2017,111.5371
14/07/2017,110.9084
17/07/2017,110.9313
18/07/2017,110.4367
19/07/2017,110.4348
20/07/2017,110.2523
21/07/2017,110.1921
24/07/2017,110.2017
25/07/2017,110.2849
26/07/2017,110.3823
27/07/2017,110.2172
28/07/2017,109.9215
31/07/2017,109.8197
01/08/2017,109.8514
02/08/2017,109.7524
03/08/2017,109.8353
04/08/2017,110.2825
07/08/2017,110.3748
08/08/2017,110.3975
09/08/2017,110.3687
10/08/2017,110.1902
11/08/2017,110.044
14/08/2017,110.0966
15/08/2017,110.4859
16/08/2017,110.4405
17/08/2017,110.1686
18/08/2017,110.0421
21/08/2017,109.7363
22/08/2017,109.8396
23/08/2017,109.8105
24/08/2017,109.7534
25/08/2017,109.3427
28/08/2017,109.1831
29/08/2017,109.0964
30/08/2017,109.4067
31/08/2017,109.3698
01/09/2017,109.0514
04/09/2017,.
05/09/2017,108.8676
06/09/2017,108.4908
07/09/2017,107.9235
08/09/2017,107.8093
11/09/2017,108.154
12/09/2017,108.3253
13/09/2017,108.6638
14/09/2017,108.6194
15/09/2017,108.3166
18/09/2017,108.6419
19/09/2017,108.6163
20/09/2017,108.4351
21/09/2017,108.9288
22/09/2017,108.7563
25/09/2017,109.3322
26/09/2017,109.7787
27/09/2017,110.074
28/09/2017,110.2438
29/09/2017,110.0889
02/10/2017,110.3704
03/10/2017,110.33
04/10/2017,110.2443
05/10/2017,110.5839
06/10/2017,110.7857
09/10/2017,.
10/10/2017,110.3053
11/10/2017,110.3057
12/10/2017,110.3172
13/10/2017,110.2692
16/10/2017,110.5456
17/10/2017,110.9163
18/10/2017,110.7234
19/10/2017,110.4598
20/10/2017,111.0397
23/10/2017,111.2157
24/10/2017,111.405
25/10/2017,111.3932
26/10/2017,111.6442
27/10/2017,112.1516
30/10/2017,111.9034
31/10/2017,111.8078
01/11/2017,111.7966
02/11/2017,111.5493
03/11/2017,111.9402
06/11/2017,111.7217
07/11/2017,111.9466
08/11/2017,111.6953
09/11/2017,111.5646
10/11/2017,.
13/11/2017,111.7854
14/11/2017,111.512
15/11/2017,111.4834
16/11/2017,111.2591
17/11/2017,111.0041
20/11/2017,111.2622
21/11/2017,110.9849
22/11/2017,110.5655
23/11/2017,.
24/11/2017,110.0278
27/11/2017,110.1161
28/11/2017,110.304
29/11/2017,110.3291
30/11/2017,110.4678
01/12/2017,110.1441
04/12/2017,110.3995
05/12/2017,110.4928
06/12/2017,110.8735
07/12/2017,111.0205
08/12/2017,111.2297
11/12/2017,111.0852
12/12/2017,111.5239
13/12/2017,111.2786
14/12/2017,111.0922
15/12/2017,111.1312
18/12/2017,110.9116
19/12/2017,111.1286
20/12/2017,110.8392
21/12/2017,110.8815
22/12/2017,111.1027
25/12/2017,.
26/12/2017,110.9789
27/12/2017,110.8585
28/12/2017,110.5187
29/12/2017,110.0817
01/01/2018,.
02/01/2018,109.6478
03/01/2018,109.6785
04/01/2018,109.4813
05/01/2018,109.3529
08/01/2018,109.5712
09/01/2018,109.9056
10/01/2018,109.631
11/01/2018,109.4921
12/01/2018,108.9044
15/01/2018,.
16/01/2018,108.3253
17/01/2018,108.156
18/01/2018,108.0688
19/01/2018,107.9487
22/01/2018,108.1102
23/01/2018,108.0014
24/01/2018,107.0834
25/01/2018,106.5085
26/01/2018,106.6942
29/01/2018,107.1173
30/01/2018,107.1096
31/01/2018,106.7728
01/02/2018,106.491
02/02/2018,107.1187
05/02/2018,107.3336
06/02/2018,107.5239
07/02/2018,107.7206
08/02/2018,108.3055
09/02/2018,108.2612
12/02/2018,108.0365
13/02/2018,107.7608
14/02/2018,107.4726
15/02/2018,106.9902
16/02/2018,107.0392
19/02/2018,.
20/02/2018,107.6281
21/02/2018,107.8712
22/02/2018,107.8701
23/02/2018,107.6835
26/02/2018,107.7378
27/02/2018,108.1762
28/02/2018,108.3934
01/03/2018,108.539
02/03/2018,.
05/03/2018,108.365
06/03/2018,107.8005
07/03/2018,108.0949
08/03/2018,108.2707
09/03/2018,107.9264
12/03/2018,107.9472
13/03/2018,107.742
14/03/2018,107.8658
15/03/2018,108.2066
16/03/2018,108.4366
19/03/2018,108.318
20/03/2018,108.4986
21/03/2018,.
22/03/2018,107.9967
23/03/2018,107.7528
26/03/2018,107.1853
27/03/2018,107.3394
28/03/2018,107.5766
29/03/2018,107.6683
30/03/2018,107.4817
02/04/2018,107.7064
03/04/2018,107.5654
04/04/2018,107.6393
05/04/2018,107.7312
06/04/2018,107.7917
09/04/2018,107.5345
10/04/2018,107.3684
11/04/2018,107.1249
12/04/2018,107.293
13/04/2018,107.2392
16/04/2018,107.0621
17/04/2018,107.0368
18/04/2018,107.1124
19/04/2018,107.5224
20/04/2018,108.1815
23/04/2018,108.9361
24/04/2018,108.7936
25/04/2018,109.3476
26/04/2018,109.3672
27/04/2018,109.1763
30/04/2018,109.3389
01/05/2018,109.747
02/05/2018,110.165
03/05/2018,110.183
04/05/2018,110.2525
07/05/2018,110.5747
08/05/2018,111.0654
09/05/2018,110.8841
10/05/2018,110.4075
11/05/2018,110.2873
14/05/2018,110.4107
15/05/2018,111.2318
16/05/2018,111.3092
17/05/2018,111.3571
18/05/2018,111.7195
21/05/2018,111.6419
22/05/2018,111.1968
23/05/2018,111.6954
24/05/2018,111.4905
25/05/2018,111.5862
28/05/2018,.
29/05/2018,112.2142
30/05/2018,111.6751
31/05/2018,111.9914
01/06/2018,111.8287
04/06/2018,111.8269
05/06/2018,112.2662
06/06/2018,111.7551
07/06/2018,112.0754
08/06/2018,112.1091
11/06/2018,112.1132
12/06/2018,112.2164
13/06/2018,112.2604
14/06/2018,112.8616
15/06/2018,113.3403
18/06/2018,113.4924
19/06/2018,113.6414
20/06/2018,113.4809
21/06/2018,113.6135
22/06/2018,113.3074
25/06/2018,113.2889
26/06/2018,113.3045
27/06/2018,113.8999
28/06/2018,113.8434
29/06/2018,113.2618
02/07/2018,114.1704
03/07/2018,113.3252
04/07/2018,.
05/07/2018,112.979
06/07/2018,112.646
09/07/2018,112.6458
10/07/2018,112.5826
11/07/2018,112.8616
12/07/2018,112.7824
13/07/2018,113.074
16/07/2018,112.8473
17/07/2018,113.1539
18/07/2018,113.3384
19/07/2018,113.9499
20/07/2018,113.3249
23/07/2018,113.4283
24/07/2018,113.2078
25/07/2018,112.9252
26/07/2018,112.921
27/07/2018,112.8156
30/07/2018,112.6077
31/07/2018,112.7332
01/08/2018,112.8931
02/08/2018,113.1709
03/08/2018,113.0149
06/08/2018,113.2318
07/08/2018,112.9788
08/08/2018,113.1439
09/08/2018,113.3832
10/08/2018,114.3027
13/08/2018,114.8532
14/08/2018,114.6601
15/08/2018,115.1548
16/08/2018,114.6438
17/08/2018,114.5362
20/08/2018,114.3528
21/08/2018,113.863
22/08/2018,113.6657
23/08/2018,114.0961
24/08/2018,113.6015
27/08/2018,113.2752
28/08/2018,113.3476
29/08/2018,113.6493
30/08/2018,114.093
31/08/2018,114.2785
03/09/2018,.
04/09/2018,114.8615
05/09/2018,114.7509
06/09/2018,114.6509
07/09/2018,114.5843
10/09/2018,114.6828
11/09/2018,114.708
12/09/2018,114.222
13/09/2018,113.9299
14/09/2018,114.0689
17/09/2018,113.9189
18/09/2018,113.777
19/09/2018,113.6563
20/09/2018,113.5021
21/09/2018,113.5132
24/09/2018,113.5335
25/09/2018,113.7238
26/09/2018,113.6773
27/09/2018,113.9817
28/09/2018,113.8107
01/10/2018,113.8262
02/10/2018,113.8981
03/10/2018,114.1595
04/10/2018,114.6893
05/10/2018,114.5634
08/10/2018,.
09/10/2018,114.6604
10/10/2018,114.6094
11/10/2018,114.4098
12/10/2018,114.3716
15/10/2018,114.0475
16/10/2018,113.8987
17/10/2018,114.1778
18/10/2018,114.8187
19/10/2018,114.8593
22/10/2018,115.1807
23/10/2018,115.1677
24/10/2018,115.3778
25/10/2018,115.4854
26/10/2018,115.4752
29/10/2018,115.8961
30/10/2018,116.2382
31/10/2018,116.5304
01/11/2018,115.8678
02/11/2018,115.645
05/11/2018,115.7051
06/11/2018,115.5643
07/11/2018,115.2541
08/11/2018,115.6499
09/11/2018,116.4798
12/11/2018,.
13/11/2018,116.6712
14/11/2018,116.5
15/11/2018,116.3885
16/11/2018,115.9282
19/11/2018,115.9886
20/11/2018,116.2393
21/11/2018,116.0947
22/11/2018,.
23/11/2018,116.4739
26/11/2018,116.6234
27/11/2018,116.9026
28/11/2018,116.8369
29/11/2018,116.199
30/11/2018,116.4157
03/12/2018,115.9081
04/12/2018,116.0051
05/12/2018,.
06/12/2018,116.4019
07/12/2018,116.0875
10/12/2018,116.6775
11/12/2018,116.7591
12/12/2018,116.2241
13/12/2018,116.4003
14/12/2018,116.7927
17/12/2018,116.456
18/12/2018,116.4158
19/12/2018,116.0708
20/12/2018,116.0215
21/12/2018,116.2257
24/12/2018,116.2212
25/12/2018,.
26/12/2018,116.1192
27/12/2018,115.9957
28/12/2018,115.7262
31/12/2018,115.5703
01/01/2019,.
02/01/2019,115.7712
03/01/2019,115.4647
04/01/2019,114.9848
07/01/2019,114.5656
08/01/2019,114.7308
09/01/2019,114.143
10/01/2019,114.0515
11/01/2019,114.0419
14/01/2019,.
15/01/2019,114.341
16/01/2019,114.1377
17/01/2019,114.4123
18/01/2019,114.5591
21/01/2019,.
22/01/2019,114.7551
23/01/2019,114.5768
24/01/2019,114.6177
25/01/2019,114.0204
28/01/2019,114.0529
29/01/2019,114.0263
30/01/2019,114.0741
31/01/2019,113.5511
01/02/2019,113.7559
04/02/2019,113.8774
05/02/2019,114.044
06/02/2019,114.2311
07/02/2019,114.4344
08/02/2019,114.5011
11/02/2019,115.0324
12/02/2019,114.7314
13/02/2019,114.9424
14/02/2019,115.102
15/02/2019,114.9934
18/02/2019,.
19/02/2019,114.5711
20/02/2019,.
21/02/2019,114.5105
22/02/2019,114.2727
25/02/2019,114.1467
26/02/2019,114.0697
27/02/2019,114.0372
28/02/2019,114.2006
01/03/2019,114.5385
04/03/2019,114.6938
05/03/2019,114.8054
06/03/2019,114.9732
07/03/2019,115.4939
08/03/2019,115.362
11/03/2019,115.2988
12/03/2019,114.941
13/03/2019,114.7396
14/03/2019,114.7926
15/03/2019,114.5843
18/03/2019,114.4404
19/03/2019,114.2348
20/03/2019,114.1532
21/03/2019,114.1708
22/03/2019,114.6879
25/03/2019,114.4193
26/03/2019,114.6438
27/03/2019,115.127
28/03/2019,115.2609
29/03/2019,115.1398
01/04/2019,114.9384
02/04/2019,115.1199
03/04/2019,114.7238
04/04/2019,114.9722
05/04/2019,114.9749
08/04/2019,114.6914
09/04/2019,114.5342
10/04/2019,114.429
11/04/2019,114.6325
12/04/2019,114.3553
15/04/2019,114.4972
16/04/2019,114.6781
17/04/2019,114.5163
18/04/2019,114.7093
19/04/2019,114.6996
22/04/2019,114.7715
23/04/2019,115.1599
24/04/2019,115.4207
25/04/2019,115.7727
26/04/2019,115.4784
29/04/2019,115.5248
30/04/2019,115.3303
01/05/2019,115.0044
02/05/2019,115.5641
03/05/2019,115.267
06/05/2019,115.3835
07/05/2019,115.6139
08/05/2019,115.5196
09/05/2019,115.8448
10/05/2019,115.5362
13/05/2019,115.9177
14/05/2019,115.9454
15/05/2019,115.8596
16/05/2019,116.0379
17/05/2019,116.4516
20/05/2019,116.3161
21/05/2019,116.2883
22/05/2019,116.2449
23/05/2019,116.2404
24/05/2019,116.0844
27/05/2019,.
28/05/2019,116.3213
29/05/2019,116.5569
30/05/2019,116.4021
31/05/2019,116.7313
03/06/2019,116.481
04/06/2019,116.0953
05/06/2019,116.0342
06/06/2019,115.9821
07/06/2019,115.742
10/06/2019,115.5046
11/06/2019,115.3837
12/06/2019,115.4422
13/06/2019,115.6316
14/06/2019,115.9094
17/06/2019,115.9722
18/06/2019,115.8833
19/06/2019,115.7926
20/06/2019,114.8081
21/06/2019,114.8413
24/06/2019,114.6602
25/06/2019,114.6407
26/06/2019,114.5654
27/06/2019,114.6698
28/06/2019,114.5868
01/07/2019,114.7282
02/07/2019,114.8303
03/07/2019,114.818
04/07/2019,.
05/07/2019,115.1178
08/07/2019,115.0299
09/07/2019,115.1062
10/07/2019,115.0931
11/07/2019,114.841
12/07/2019,114.7731
15/07/2019,114.6866
16/07/2019,115.0159
17/07/2019,114.8864
18/07/2019,114.8786
19/07/2019,114.8737
22/07/2019,115.006
23/07/2019,115.3036
24/07/2019,115.2476
25/07/2019,115.3022
26/07/2019,115.549
29/07/2019,115.5931
30/07/2019,115.6257
31/07/2019,115.499
01/08/2019,116.0543
02/08/2019,116.1908
05/08/2019,116.5904
06/08/2019,116.6954
07/08/2019,116.8037
08/08/2019,116.479
09/08/2019,116.4466
12/08/2019,116.7598
13/08/2019,116.7315
14/08/2019,117.0957
15/08/2019,117.2278
16/08/2019,117.0828
19/08/2019,117.3931
20/08/2019,117.377
21/08/2019,117.181
22/08/2019,117.3602
23/08/2019,117.3058
26/08/2019,117.6711
27/08/2019,117.7556
28/08/2019,117.8823
29/08/2019,118.0682
30/08/2019,118.163
02/09/2019,.
03/09/2019,118.3161
04/09/2019,117.6777
05/09/2019,117.4823
06/09/2019,117.1337
09/09/2019,117.0649
10/09/2019,117.0932
11/09/2019,117.317
12/09/2019,116.8423
13/09/2019,116.7722
16/09/2019,117.0293
17/09/2019,116.9871
18/09/2019,116.9812
19/09/2019,117.0909
20/09/2019,117.1867
23/09/2019,117.3038
24/09/2019,117.2279
25/09/2019,117.6581
26/09/2019,117.7322
27/09/2019,117.7277
30/09/2019,117.952
01/10/2019,117.9652
02/10/2019,117.9725
03/10/2019,117.6659
04/10/2019,117.5338
07/10/2019,117.5583
08/10/2019,117.7455
09/10/2019,117.6886
10/10/2019,117.2852
11/10/2019,116.8289
14/10/2019,.
15/10/2019,116.8154
16/10/2019,116.647
17/10/2019,116.2663
18/10/2019,116.1391
21/10/2019,116.0485
22/10/2019,115.9899
23/10/2019,116.0633
24/10/2019,116.1323
25/10/2019,116.0819
28/10/2019,116.0268
29/10/2019,115.9842
30/10/2019,116.168
31/10/2019,115.9168
01/11/2019,115.7356
04/11/2019,115.8669
05/11/2019,116.118
06/11/2019,116.1043
07/11/2019,116.1211
08/11/2019,116.3472
11/11/2019,.
12/11/2019,116.5874
13/11/2019,116.8436
14/11/2019,116.8062
15/11/2019,116.4441
18/11/2019,116.3665
19/11/2019,116.5433
20/11/2019,116.8324
21/11/2019,116.7478
22/11/2019,116.918
25/11/2019,117.0141
26/11/2019,117.0561
27/11/2019,117.1323
28/11/2019,.
29/11/2019,117.1249
02/12/2019,116.9695
03/12/2019,116.8946
04/12/2019,116.6969
05/12/2019,116.3888
06/12/2019,116.5425
09/12/2019,116.3328
10/12/2019,116.2588
11/12/2019,116.1524
12/12/2019,115.8786
13/12/2019,115.7007
16/12/2019,115.559
17/12/2019,115.5593
18/12/2019,115.6659
19/12/2019,115.6029
20/12/2019,115.7636
23/12/2019,115.8098
24/12/2019,.
25/12/2019,.
26/12/2019,115.6379
27/12/2019,115.2239
30/12/2019,114.967
31/12/2019,114.6728
01/01/2020,.
02/01/2020,114.9778
03/01/2020,114.9895
06/01/2020,114.9588
07/01/2020,115.1501
08/01/2020,115.1354
09/01/2020,115.2358
10/01/2020,115.0705
13/01/2020,115.037
14/01/2020,115.0264
15/01/2020,114.9558
16/01/2020,115.0032
17/01/2020,115.0675
20/01/2020,.
21/01/2020,115.19
22/01/2020,115.2297
23/01/2020,115.557
24/01/2020,115.5578
27/01/2020,115.8025
28/01/2020,115.7261
29/01/2020,115.7022
30/01/2020,115.8098
31/01/2020,115.7371
03/02/2020,116.1207
04/02/2020,115.9326
05/02/2020,116.0121
06/02/2020,116.1548
07/02/2020,116.5117
10/02/2020,116.5742
11/02/2020,116.3615
12/02/2020,116.2824
13/02/2020,116.403
14/02/2020,116.4252
17/02/2020,.
18/02/2020,116.6068
19/02/2020,116.7858
20/02/2020,117.2488
21/02/2020,117.051
24/02/2020,117.4056
25/02/2020,117.2462
26/02/2020,117.4089
27/02/2020,117.3717
28/02/2020,117.6593
02/03/2020,116.8165
03/03/2020,116.4976
04/03/2020,116.7812
05/03/2020,116.7919
06/03/2020,116.7125
09/03/2020,117.19
10/03/2020,117.9045
11/03/2020,118.2531
12/03/2020,120.4905
13/03/2020,120.4402
16/03/2020,120.9368
17/03/2020,122.4819
18/03/2020,124.1622
19/03/2020,125.0599
20/03/2020,124.9371
23/03/2020,126.1264
24/03/2020,125.5011
25/03/2020,124.793
26/03/2020,122.4336
27/03/2020,122.4041
30/03/2020,123.2926
31/03/2020,122.5335
01/04/2020,123.7963
02/04/2020,123.5938
03/04/2020,124.4177
06/04/2020,124.1631
07/04/2020,123.0986
08/04/2020,123.2246
09/04/2020,122.4782
10/04/2020,122.1617
13/04/2020,122.523
14/04/2020,122.1154
15/04/2020,123.0778
16/04/2020,123.4638
17/04/2020,122.8736
20/04/2020,123.1062
21/04/2020,123.9139
22/04/2020,123.9288
23/04/2020,123.7582
24/04/2020,124.1654
27/04/2020,123.8887
28/04/2020,123.3734
29/04/2020,122.7824
30/04/2020,122.3317
01/05/2020,123.1536
04/05/2020,123.2156
05/05/2020,122.8062
06/05/2020,123.6123
07/05/2020,123.1286
08/05/2020,122.5416
11/05/2020,123.237
12/05/2020,123.0637
13/05/2020,123.5448
14/05/2020,123.6466
15/05/2020,123.6023
18/05/2020,122.8005
19/05/2020,122.5695
20/05/2020,122.1046
21/05/2020,122.0947
22/05/2020,122.3238
25/05/2020,.
26/05/2020,121.3904
27/05/2020,121.5714
28/05/2020,121.0178
29/05/2020,120.9497
01/06/2020,120.273
02/06/2020,119.6902
03/06/2020,119.2604
04/06/2020,119.3066
05/06/2020,118.8182
08/06/2020,118.6666
09/06/2020,118.5939
10/06/2020,118.5276
11/06/2020,119.2387
12/06/2020,119.668
15/06/2020,119.9579
16/06/2020,119.5708
17/06/2020,119.9144
18/06/2020,120.2211
19/06/2020,120.2221
22/06/2020,119.7574
23/06/2020,119.3332
24/06/2020,119.9789
25/06/2020,120.3041
26/06/2020,120.5375
29/06/2020,120.6704
30/06/2020,120.4697
01/07/2020,120.0858
02/07/2020,119.8608
03/07/2020,.
06/07/2020,119.2902
07/07/2020,119.5768
08/07/2020,119.5578
09/07/2020,119.5175
10/07/2020,119.3555
13/07/2020,119.1938
14/07/2020,119.3949
15/07/2020,119.0378
16/07/2020,118.9322
17/07/2020,119.129
20/07/2020,119.0538
21/07/2020,118.41
22/07/2020,118.14
23/07/2020,118.0678
24/07/2020,118.1394
27/07/2020,117.3932
28/07/2020,117.3253
29/07/2020,117.219
30/07/2020,117.4075
31/07/2020,117.215
03/08/2020,117.8139
04/08/2020,117.7902
05/08/2020,116.8806
06/08/2020,117.0493
07/08/2020,117.6306
10/08/2020,117.589
11/08/2020,117.3851
12/08/2020,117.2629
13/08/2020,117.1264
14/08/2020,116.9464
17/08/2020,116.7561
18/08/2020,116.567
19/08/2020,116.5741
20/08/2020,116.8195
21/08/2020,117.0638
24/08/2020,116.9193
25/08/2020,116.828
26/08/2020,116.6315
27/08/2020,116.6571
28/08/2020,115.9459
31/08/2020,115.7673
01/09/2020,115.5771
02/09/2020,116.0382
03/09/2020,116.0758
04/09/2020,116.042
07/09/2020,.
08/09/2020,116.4681
09/09/2020,116.1355
10/09/2020,115.8867
11/09/2020,116.0924
14/09/2020,115.6483
15/09/2020,115.5956
16/09/2020,115.3583
17/09/2020,115.4435
18/09/2020,115.244
21/09/2020,116.3826
22/09/2020,116.5482
23/09/2020,117.2576
24/09/2020,117.5524
25/09/2020,117.873
28/09/2020,117.6232
29/09/2020,117.5317
30/09/2020,116.9516
01/10/2020,116.7286
02/10/2020,116.7375
05/10/2020,116.1824
06/10/2020,116.2733
07/10/2020,116.35
08/10/2020,116.171
09/10/2020,115.2803
12/10/2020,.
13/10/2020,115.9154
14/10/2020,115.6918
15/10/2020,116.1003
16/10/2020,115.7715
19/10/2020,115.4069
20/10/2020,115.2519
21/10/2020,114.9142
22/10/2020,115.1194
23/10/2020,115.0159
26/10/2020,115.2831
27/10/2020,115.0167
28/10/2020,115.8053
29/10/2020,116.3091
30/10/2020,116.1372
02/11/2020,116.2382
03/11/2020,115.4826
04/11/2020,115.1698
05/11/2020,114.4578
06/11/2020,113.9939
09/11/2020,114.0914
10/11/2020,114.0772
11/11/2020,.
12/11/2020,114.2852
13/11/2020,114.2406
16/11/2020,113.8321
17/11/2020,113.6824
18/11/2020,113.4608
19/11/2020,113.6948
20/11/2020,113.4898
23/11/2020,113.7557
24/11/2020,113.4332
25/11/2020,113.1841
26/11/2020,.
27/11/2020,.
30/11/2020,113.2274
01/12/2020,112.8087
02/12/2020,112.6138
03/12/2020,112.0257
04/12/2020,111.7797
07/12/2020,111.8401
08/12/2020,111.8656
09/12/2020,112.0326
10/12/2020,111.9811
11/12/2020,112.1438
14/12/2020,112.1734
15/12/2020,111.8628
16/12/2020,111.7182
17/12/2020,111.2253
18/12/2020,111.6099
21/12/2020,111.9437
22/12/2020,112.1968
23/12/2020,111.9834
24/12/2020,.
25/12/2020,.
28/12/2020,111.9779
29/12/2020,111.5201
30/12/2020,111.3116
31/12/2020,111.3203
01/01/2021,.
04/01/2021,111.2098
05/01/2021,110.9612
06/01/2021,110.8531
07/01/2021,111.3085
08/01/2021,111.2894
11/01/2021,111.8303
12/01/2021,111.5542
13/01/2021,111.3656
14/01/2021,111.16
15/01/2021,111.5123
18/01/2021,.
19/01/2021,111.4545
20/01/2021,.
21/01/2021,111.2007
22/01/2021,111.5568
25/01/2021,111.8734
26/01/2021,111.6627
27/01/2021,112.0843
28/01/2021,112.0112
29/01/2021,111.9568
01/02/2021,112.4246
02/02/2021,112.2893
03/02/2021,112.2609
04/02/2021,112.7523
05/02/2021,112.2421
08/02/2021,112.047
09/02/2021,111.7731
10/02/2021,111.5899
11/02/2021,111.5329
12/02/2021,111.4945
15/02/2021,.
16/02/2021,111.7957
17/02/2021,112.0267
18/02/2021,112.1699
19/02/2021,111.7165
22/02/2021,111.9309
23/02/2021,111.9097
24/02/2021,111.7324
25/02/2021,111.9402
26/02/2021,112.8424
01/03/2021,112.5361
02/03/2021,112.5458
03/03/2021,112.7753
04/03/2021,112.7157
05/03/2021,113.762
08/03/2021,114.2827
09/03/2021,113.9434
10/03/2021,113.6007
11/03/2021,112.9338
12/03/2021,113.0404
15/03/2021,113.2065
16/03/2021,112.9968
17/03/2021,113.1725
18/03/2021,112.7866
19/03/2021,112.9865
22/03/2021,113.0147
23/03/2021,113.3024
24/03/2021,113.668
25/03/2021,114.0128
26/03/2021,113.7518
29/03/2021,113.9439
30/03/2021,114.2138
31/03/2021,113.8337
01/04/2021,113.7489
02/04/2021,113.7414
05/04/2021,113.405
06/04/2021,113.1556
07/04/2021,113.2518
08/04/2021,113.0995
09/04/2021,113.2118
12/04/2021,113.1902
13/04/2021,113.0474
14/04/2021,112.7935
15/04/2021,112.6249
16/04/2021,112.4894
19/04/2021,112.1906
20/04/2021,112.2418
21/04/2021,112.1841
22/04/2021,112.236
23/04/2021,112.0955
26/04/2021,111.8187
27/04/2021,111.9189
28/04/2021,111.8003
29/04/2021,111.7582
30/04/2021,112.0959
03/05/2021,112.018
04/05/2021,112.3024
05/05/2021,112.1646
06/05/2021,111.8534
07/05/2021,111.0378
10/05/2021,110.8041
11/05/2021,110.9051
12/05/2021,111.5781
13/05/2021,111.6092
14/05/2021,111.1488
17/05/2021,111.0927
18/05/2021,110.8461
19/05/2021,110.8945
20/05/2021,110.876
21/05/2021,111.0734
24/05/2021,110.9268
25/05/2021,110.857
26/05/2021,110.8821
27/05/2021,110.8842
28/05/2021,110.7719
31/05/2021,.
01/06/2021,110.5192
02/06/2021,110.5934
03/06/2021,111.1913
04/06/2021,110.7653
07/06/2021,110.5281
08/06/2021,110.6612
09/06/2021,110.5821
10/06/2021,110.5572
11/06/2021,111.1056
14/06/2021,110.9783
15/06/2021,111.3641
16/06/2021,111.129
17/06/2021,112.5876
18/06/2021,113.0508
21/06/2021,112.8505
22/06/2021,112.929
23/06/2021,112.3929
24/06/2021,112.3341
25/06/2021,111.9722
28/06/2021,112.0306
29/06/2021,112.2665
30/06/2021,112.5583
01/07/2021,112.7458
02/07/2021,112.5484
05/07/2021,.
06/07/2021,112.9573
07/07/2021,113.1102
08/07/2021,113.0834
09/07/2021,112.8442
12/07/2021,112.7675
13/07/2021,113.0126
14/07/2021,112.8852
15/07/2021,113.0084
16/07/2021,113.0461
19/07/2021,113.5497
20/07/2021,113.7536
21/07/2021,113.3992
22/07/2021,113.4759
23/07/2021,113.4452
26/07/2021,113.2306
27/07/2021,113.2293
28/07/2021,113.187
29/07/2021,112.4905
30/07/2021,112.6785
02/08/2021,112.6758
03/08/2021,112.8304
04/08/2021,112.9033
05/08/2021,112.7754
06/08/2021,113.316
09/08/2021,113.4594
10/08/2021,113.5041
11/08/2021,113.2884
12/08/2021,113.2745
13/08/2021,113.0676
16/08/2021,113.1755
17/08/2021,113.6227
18/08/2021,113.7013
19/08/2021,114.1151
20/08/2021,114.5069
23/08/2021,113.95
24/08/2021,113.6873
25/08/2021,113.6395
26/08/2021,113.7956
27/08/2021,113.3479
30/08/2021,113.2522
31/08/2021,113.1132
01/09/2021,112.8788
02/09/2021,112.7926
03/09/2021,112.5541
06/09/2021,.
07/09/2021,112.9845
08/09/2021,113.2361
09/09/2021,113.0482
10/09/2021,112.9468
13/09/2021,113.038
14/09/2021,113.0099
15/09/2021,112.981
16/09/2021,113.3068
17/09/2021,113.6015
20/09/2021,113.9451
21/09/2021,113.8209
22/09/2021,113.6254
23/09/2021,113.5174
24/09/2021,113.7646
27/09/2021,113.7484
28/09/2021,114.2524
29/09/2021,114.7142
30/09/2021,114.6461
01/10/2021,114.3857
04/10/2021,114.2818
05/10/2021,114.374
06/10/2021,114.7264
07/10/2021,114.5133
08/10/2021,114.6095
11/10/2021,.
12/10/2021,114.7658
13/10/2021,114.4815
14/10/2021,114.2175
15/10/2021,114.102
18/10/2021,114.0008
19/10/2021,113.6576
20/10/2021,113.5194
21/10/2021,113.631
22/10/2021,113.681
25/10/2021,113.6153
26/10/2021,113.6842
27/10/2021,113.6326
28/10/2021,113.452
29/10/2021,114.1482
01/11/2021,114.2237
02/11/2021,114.2992
03/11/2021,114.3753
04/11/2021,114.3685
05/11/2021,114.0846
08/11/2021,113.8369
09/11/2021,113.7721
10/11/2021,114.159
11/11/2021,.
12/11/2021,114.523
15/11/2021,114.5976
16/11/2021,115.1462
17/11/2021,115.0355
18/11/2021,115.0777
19/11/2021,115.2287
22/11/2021,115.6582
23/11/2021,116.0236
24/11/2021,116.2838
25/11/2021,.
26/11/2021,116.5252
29/11/2021,116.5945
30/11/2021,116.218
01/12/2021,115.9
02/12/2021,116.0286
03/12/2021,116.2488
06/12/2021,116.1633
07/12/2021,115.865
08/12/2021,115.4509
09/12/2021,115.787
10/12/2021,115.5818
13/12/2021,115.8501
14/12/2021,116.2484
15/12/2021,116.4301
16/12/2021,115.7231
17/12/2021,115.7976
20/12/2021,116.0153
21/12/2021,116.1156
22/12/2021,115.7568
23/12/2021,115.5426
24/12/2021,.
27/12/2021,115.4779
28/12/2021,115.4279
29/12/2021,115.3773
30/12/2021,115.2924
31/12/2021,.
03/01/2022,115.4102
04/01/2022,115.3238
05/01/2022,115.1558
06/01/2022,115.4221
07/01/2022,115.0641
10/01/2022,115.2341
11/01/2022,114.852
12/01/2022,114.3798
13/01/2022,114.2084
14/01/2022,114.4045
17/01/2022,.
18/01/2022,114.7533
19/01/2022,114.6272
20/01/2022,114.4819
21/01/2022,114.6262
24/01/2022,115.2085
25/01/2022,115.1693
26/01/2022,115.1017
27/01/2022,115.9723
28/01/2022,116.0306
31/01/2022,115.5667
01/02/2022,115.3726
02/02/2022,115.1617
03/02/2022,114.924
04/02/2022,115.1489
07/02/2022,115.022
08/02/2022,115.101
09/02/2022,114.836
10/02/2022,114.5711
11/02/2022,114.8568
14/02/2022,115.2012
15/02/2022,114.9348
16/02/2022,114.6971
17/02/2022,114.6867
18/02/2022,114.8057
21/02/2022,.
22/02/2022,114.7172
23/02/2022,114.6853
24/02/2022,115.9586
25/02/2022,115.2742
28/02/2022,115.2931
01/03/2022,115.8831
02/03/2022,115.8281
03/03/2022,116.0198
04/03/2022,116.7299
07/03/2022,117.4591
08/03/2022,117.7
09/03/2022,116.7173
10/03/2022,116.8532
11/03/2022,117.1274
14/03/2022,117.2438
15/03/2022,117.3029
16/03/2022,116.8654
17/03/2022,116.1148
18/03/2022,116.2161
21/03/2022,116.0252
22/03/2022,116.1654
23/03/2022,116.0702
24/03/2022,116.0328
25/03/2022,115.8678
28/03/2022,116.2449
29/03/2022,115.6164
30/03/2022,115.1226
31/03/2022,115.2445
01/04/2022,115.5139
04/04/2022,115.4466
05/04/2022,115.7518
06/04/2022,116.0177
07/04/2022,116.3496
08/04/2022,116.4177
11/04/2022,116.5583
12/04/2022,116.4058
13/04/2022,116.2932
14/04/2022,116.7606
15/04/2022,116.7137
18/04/2022,116.8545
19/04/2022,117.1443
20/04/2022,116.7633
21/04/2022,117.1711
22/04/2022,118.0334
25/04/2022,118.6324
26/04/2022,118.9579
27/04/2022,119.4542
28/04/2022,120.0505
29/04/2022,119.4772
02/05/2022,119.8619
03/05/2022,119.677
04/05/2022,119.5197
05/05/2022,119.9567
06/05/2022,119.8387
09/05/2022,120.4824
10/05/2022,120.7609
11/05/2022,120.3613
12/05/2022,121.2339
13/05/2022,120.8099
16/05/2022,120.6536
17/05/2022,119.8656
18/05/2022,119.9986
19/05/2022,119.3928
20/05/2022,119.322
23/05/2022,118.6605
24/05/2022,118.5609
25/05/2022,118.9145
26/05/2022,118.7586
27/05/2022,118.2787
30/05/2022,.
31/05/2022,118.0559
01/06/2022,118.6793
02/06/2022,118.0589
03/06/2022,118.2054
06/06/2022,118.2782
07/06/2022,118.4232
08/06/2022,118.3824
09/06/2022,118.8836
10/06/2022,119.9422
13/06/2022,121.0807
14/06/2022,121.5898
15/06/2022,121.5462
16/06/2022,120.5963
17/06/2022,121.1529
20/06/2022,.
21/06/2022,120.5505
22/06/2022,120.4383
23/06/2022,120.6703
24/06/2022,120.3971
27/06/2022,120.0907
28/06/2022,120.5248
29/06/2022,120.8569
30/06/2022,120.8719
01/07/2022,121.3983
04/07/2022,.
05/07/2022,122.5303
06/07/2022,122.9059
07/07/2022,122.6334
08/07/2022,122.3794
11/07/2022,123.1972
12/07/2022,123.3302
13/07/2022,123.1654
14/07/2022,123.9404
15/07/2022,123.3601
18/07/2022,122.6637
19/07/2022,122.3745
20/07/2022,122.4864
21/07/2022,122.8004
22/07/2022,122.3473
25/07/2022,122.3579
26/07/2022,122.6609
27/07/2022,122.7174
28/07/2022,122.024
29/07/2022,121.6934
01/08/2022,121.3454
02/08/2022,121.8569
03/08/2022,122.293
04/08/2022,121.7517
05/08/2022,122.2345
08/08/2022,121.7944
09/08/2022,121.7824
10/08/2022,120.6894
11/08/2022,120.655
12/08/2022,120.9499
15/08/2022,121.3583
16/08/2022,121.6112
17/08/2022,121.991
18/08/2022,122.2758
19/08/2022,122.9575
22/08/2022,123.5096
23/08/2022,122.9691
24/08/2022,123.0226
25/08/2022,122.9714
26/08/2022,122.9847
29/08/2022,123.3931
30/08/2022,123.607
31/08/2022,123.4535
01/09/2022,124.3064
02/09/2022,123.6919
05/09/2022,.
06/09/2022,124.6871
07/09/2022,124.7649
08/09/2022,124.5036
09/09/2022,123.7185
12/09/2022,123.28
13/09/2022,124.3481
14/09/2022,124.3788
15/09/2022,124.8118
16/09/2022,124.8039
19/09/2022,124.9384
20/09/2022,125.0583
21/09/2022,125.6664
22/09/2022,126.0729
23/09/2022,127.169
26/09/2022,128.3196
27/09/2022,128.3198
28/09/2022,127.9785
29/09/2022,127.4238
30/09/2022,127.4039
03/10/2022,126.977
04/10/2022,126.1065
05/10/2022,126.7759
06/10/2022,127.1507
07/10/2022,127.215
10/10/2022,.
11/10/2022,127.5866
12/10/2022,128.0611
13/10/2022,127.6538
14/10/2022,128.2418
17/10/2022,127.578
18/10/2022,127.843
19/10/2022,128.3211
20/10/2022,127.9346
21/10/2022,127.606
24/10/2022,127.9692
25/10/2022,127.3311
26/10/2022,126.4195
27/10/2022,126.6541
28/10/2022,127.1645
31/10/2022,127.5786
01/11/2022,127.348
02/11/2022,127.2652
03/11/2022,128.1087
04/11/2022,127.1053
07/11/2022,126.2613
08/11/2022,125.6077
09/11/2022,125.9479
10/11/2022,124.6714
11/11/2022,.
14/11/2022,123.3884
15/11/2022,122.9951
16/11/2022,123.243
17/11/2022,123.946
18/11/2022,123.8169
21/11/2022,124.6611
22/11/2022,124.1986
23/11/2022,123.734
24/11/2022,.
25/11/2022,123.3171
28/11/2022,123.5866
29/11/2022,123.6284
30/11/2022,123.467
01/12/2022,121.9697
02/12/2022,121.9745
05/12/2022,122.5802
06/12/2022,122.9649
07/12/2022,122.7015
08/12/2022,122.3684
09/12/2022,122.3712
12/12/2022,122.7245
13/12/2022,121.8116
14/12/2022,121.7922
15/12/2022,122.5201
16/12/2022,122.6127
19/12/2022,122.5102
20/12/2022,122.1117
21/12/2022,122.2665
22/12/2022,122.2105
23/12/2022,121.9579
26/12/2022,.
27/12/2022,121.7378
28/12/2022,121.9983
29/12/2022,121.6556
30/12/2022,121.4047
02/01/2023,.
03/01/2023,122.041
04/01/2023,121.4767
05/01/2023,122.0316
06/01/2023,121.044
09/01/2023,120.0928
10/01/2023,120.1881
11/01/2023,120.0968
12/01/2023,119.3624
13/01/2023,119.0901
16/01/2023,.
17/01/2023,119.1802
18/01/2023,119.0426
19/01/2023,119.5592
20/01/2023,119.3251
23/01/2023,119.1417
24/01/2023,119.0923
25/01/2023,118.9715
26/01/2023,119.0236
27/01/2023,118.9295
30/01/2023,118.8786
31/01/2023,118.9619
01/02/2023,118.6101
02/02/2023,118.3164
03/02/2023,119.4642
06/02/2023,120.461
07/02/2023,120.2808
08/02/2023,120.101
09/02/2023,119.9425
10/02/2023,120.1228
13/02/2023,119.9952
14/02/2023,119.9426
15/02/2023,120.4772
16/02/2023,120.4938
17/02/2023,120.5898
20/02/2023,.
21/02/2023,120.6705
22/02/2023,120.8904
23/02/2023,121.1348
24/02/2023,121.6304
27/02/2023,121.4665
28/02/2023,121.4065
01/03/2023,120.6963
02/03/2023,121.1967
03/03/2023,120.8531
06/03/2023,120.5949
07/03/2023,121.5364
08/03/2023,121.5306
09/03/2023,121.5307
10/03/2023,121.2924
13/03/2023,120.8944
14/03/2023,121.0358
15/03/2023,122.0832
16/03/2023,121.7344
17/03/2023,121.5752
20/03/2023,121.0546
21/03/2023,120.9481
22/03/2023,120.6877
23/03/2023,119.809
24/03/2023,120.503
27/03/2023,120.3227
28/03/2023,119.8059
29/03/2023,119.8398
30/03/2023,119.5304
31/03/2023,119.4828
03/04/2023,119.4623
04/04/2023,119.2988
05/04/2023,119.4385
06/04/2023,119.4597
07/04/2023,119.5033
10/04/2023,119.9292
11/04/2023,119.6822
12/04/2023,119.1829
13/04/2023,118.5922
14/04/2023,119.0301
